time, number of rows, filesize (MB)
2024-02-02 17:09:05.917790, 222, 0.110592
2024-02-02 17:11:05.927655, 1963, 0.905216
2024-02-02 17:13:05.937887, 3675, 1.683456
2024-02-02 17:15:05.948702, 4710, 2.162688
2024-02-02 17:17:05.949347, 6402, 2.932736
2024-02-02 17:19:05.963395, 8080, 3.694592
2024-02-02 17:21:05.972762, 9731, 4.452352
2024-02-02 17:23:05.990155, 11354, 5.189632
2024-02-02 17:25:06.000243, 12934, 5.910528
2024-02-02 17:27:06.004102, 14503, 6.627328
2024-02-02 17:29:19.809758, 15868, 7.24992
2024-02-02 17:31:19.821140, 17405, 7.94624
2024-02-02 17:33:19.824570, 18941, 8.650752
2024-02-02 17:35:19.835590, 20468, 9.347072
2024-02-02 17:37:19.838099, 21980, 10.039296
2024-02-02 17:39:19.865291, 23471, 10.715136
2024-02-02 17:41:19.877441, 24941, 11.390976
2024-02-02 17:43:19.887816, 26417, 12.06272
2024-02-02 17:45:19.898174, 27893, 12.734464
2024-02-02 17:47:19.908974, 29358, 13.402112
2024-02-02 17:49:19.928889, 30808, 14.065664
2024-02-02 17:51:19.927545, 32267, 14.733312
2024-02-02 17:53:19.966410, 33704, 15.384576
2024-02-02 17:55:19.975123, 35113, 16.027648
2024-02-02 17:57:19.955596, 36503, 16.662528
2024-02-02 17:59:19.993660, 37872, 17.28512
2024-02-02 18:01:20.004669, 39214, 17.903616
2024-02-02 18:03:19.993441, 40545, 18.505728
2024-02-02 18:05:19.984943, 41873, 19.111936
2024-02-02 18:07:19.995542, 43194, 19.718144
2024-02-02 18:09:20.005591, 44493, 20.307968
2024-02-02 18:11:20.003706, 45787, 20.897792
2024-02-02 18:13:20.021289, 47075, 21.487616
2024-02-02 18:15:20.039286, 48346, 22.065152
2024-02-02 18:17:20.090186, 49588, 22.6304
2024-02-02 18:19:20.085206, 50808, 23.191552
2024-02-02 18:21:20.095549, 52026, 23.744512
2024-02-02 18:23:20.090333, 53204, 24.281088
2024-02-02 18:25:20.114603, 54357, 24.809472
2024-02-02 18:27:20.109256, 55514, 25.337856
2024-02-02 18:29:20.104675, 56674, 25.86624
2024-02-02 18:31:20.326081, 57809, 26.386432
2024-02-02 18:33:20.140828, 58921, 26.89024
2024-02-02 18:35:20.150915, 60019, 27.389952
2024-02-02 18:37:20.160265, 61087, 27.881472
2024-02-02 18:39:20.193470, 62146, 28.3648
2024-02-02 18:41:20.173194, 63198, 28.839936
2024-02-02 18:43:20.181399, 64249, 29.319168
2024-02-02 18:45:20.191201, 65284, 29.794304
2024-02-02 18:47:20.216753, 66329, 30.26944
2024-02-02 18:49:20.240963, 67373, 30.744576
2024-02-02 18:51:20.219169, 68420, 31.227904
2024-02-02 18:53:20.228348, 69458, 31.698944
2024-02-02 18:55:20.237589, 70492, 32.169984
2024-02-02 18:57:20.248048, 71513, 32.636928
2024-02-02 18:59:20.280027, 72525, 33.099776
2024-02-02 19:01:20.257938, 73513, 33.550336
2024-02-02 19:03:20.268545, 74497, 33.9968
2024-02-02 19:05:20.308800, 75474, 34.44736
2024-02-02 19:07:20.287730, 76450, 34.889728
2024-02-02 19:09:20.327945, 77418, 35.332096
2024-02-02 19:11:20.306465, 78375, 35.766272
2024-02-02 19:13:20.308956, 79336, 36.20864
2024-02-02 19:15:20.318179, 80286, 36.63872
2024-02-02 19:17:20.327400, 81224, 37.064704
2024-02-02 19:19:20.342977, 82155, 37.490688
2024-02-02 19:19:58.776689, 82272, 37.548032
2024-02-02 19:21:58.793910, 83206, 37.974016
2024-02-02 19:24:32.997397, 83438, 38.076416
2024-02-02 19:26:32.850898, 84367, 38.5024
2024-02-02 19:28:32.875635, 85300, 38.924288
2024-02-02 19:30:33.004336, 86246, 39.358464
2024-02-02 19:32:33.012937, 87200, 39.79264
2024-02-02 19:34:33.069417, 88153, 40.226816
2024-02-02 19:36:33.062440, 89099, 40.656896
2024-02-02 19:38:33.070598, 90030, 41.086976
2024-02-02 19:40:33.671200, 90967, 41.51296
2024-02-02 19:42:33.391498, 91923, 41.947136
2024-02-02 19:44:33.432303, 92883, 42.385408
2024-02-02 19:46:33.472822, 93839, 42.82368
2024-02-02 19:48:33.485742, 94797, 43.261952
2024-02-02 19:50:33.511741, 95747, 43.692032
2024-02-02 19:52:33.640527, 96696, 44.130304
2024-02-02 19:54:33.663464, 97632, 44.556288
2024-02-02 19:56:33.658289, 98551, 44.97408
2024-02-02 19:58:33.667368, 99463, 45.387776
2024-02-02 20:00:33.718443, 100378, 45.809664
2024-02-02 20:02:33.869239, 101284, 46.219264
2024-02-02 20:04:33.993611, 102199, 46.637056
2024-02-02 20:06:34.050472, 103117, 47.054848
2024-02-02 20:08:34.059128, 104033, 47.476736
2024-02-02 20:10:34.128953, 104947, 47.890432
2024-02-02 20:12:34.591250, 105849, 48.304128
2024-02-02 20:14:34.623162, 106751, 48.713728
2024-02-02 20:16:34.616771, 107674, 49.135616
2024-02-02 20:18:34.641752, 108599, 49.557504
2024-02-02 20:20:34.650337, 109518, 49.975296
2024-02-02 20:22:35.001288, 110420, 50.384896
2024-02-02 20:24:35.046286, 111290, 50.786304
2024-02-02 20:26:35.054820, 112130, 51.167232
2024-02-02 20:28:35.065116, 112950, 51.544064
2024-02-02 20:30:35.074465, 113771, 51.9168
2024-02-02 20:32:35.052092, 114587, 52.289536
2024-02-02 20:34:35.107608, 115390, 52.658176
2024-02-02 20:36:35.155058, 116185, 53.018624
2024-02-02 20:38:35.324246, 116965, 53.374976
2024-02-02 20:40:35.332847, 117732, 53.723136
2024-02-02 20:42:35.367048, 118495, 54.075392
2024-02-02 20:44:35.477168, 119268, 54.427648
2024-02-02 20:46:35.655802, 120036, 54.775808
2024-02-02 20:48:35.672925, 120780, 55.115776
2024-02-02 20:50:35.659191, 121526, 55.451648
2024-02-02 20:52:35.683344, 122276, 55.799808
2024-02-02 20:54:35.918454, 123000, 56.127488
2024-02-02 20:56:35.932948, 123716, 56.455168
2024-02-02 20:58:35.936726, 124413, 56.77056
2024-02-02 21:00:35.974145, 125094, 57.081856
2024-02-02 21:02:36.050158, 125786, 57.401344
2024-02-02 21:04:36.185662, 126484, 57.716736
2024-02-02 21:06:36.208358, 127189, 58.04032
2024-02-02 21:08:36.428022, 127891, 58.359808
2024-02-02 21:10:36.438186, 128584, 58.6752
2024-02-02 21:12:36.440883, 129283, 58.994688
2024-02-02 21:14:36.575491, 129992, 59.318272
2024-02-02 21:16:36.580219, 130699, 59.641856
2024-02-02 21:18:36.636038, 131400, 59.961344
2024-02-02 21:20:36.708953, 132105, 60.280832
2024-02-02 21:22:36.766340, 132791, 60.596224
2024-02-02 21:24:36.965744, 133455, 60.899328
2024-02-02 21:26:36.949202, 134119, 61.202432
2024-02-02 21:28:37.143879, 134784, 61.505536
2024-02-02 21:30:37.277685, 135465, 61.812736
2024-02-02 21:32:37.428192, 136151, 62.128128
2024-02-02 21:34:37.456774, 136850, 62.447616
2024-02-02 21:36:37.481752, 137554, 62.767104
2024-02-02 21:38:37.620683, 138253, 63.086592
2024-02-02 21:40:37.661692, 138958, 63.40608
2024-02-02 21:42:37.632888, 139654, 63.729664
2024-02-02 21:44:37.727653, 140346, 64.045056
2024-02-02 21:46:37.725468, 141022, 64.352256
2024-02-02 21:48:37.734229, 141695, 64.65536
2024-02-02 21:50:37.872992, 142367, 64.96256
2024-02-02 21:52:37.944380, 143029, 65.265664
2024-02-02 21:54:38.061936, 143672, 65.560576
2024-02-02 21:56:38.148991, 144307, 65.851392
2024-02-02 21:58:38.157355, 144937, 66.138112
2024-02-02 22:00:38.212068, 145558, 66.420736
2024-02-02 22:02:38.297708, 146187, 66.707456
2024-02-02 22:04:38.728774, 146827, 67.002368
2024-02-02 22:06:38.760222, 147485, 67.301376
2024-02-02 22:08:38.766665, 148133, 67.596288
2024-02-02 22:10:38.776275, 148765, 67.883008
2024-02-02 22:12:38.770263, 149401, 68.173824
2024-02-02 22:14:39.193020, 150039, 68.46464
2024-02-02 22:16:39.190784, 150678, 68.759552
2024-02-02 22:18:39.230955, 151322, 69.050368
2024-02-02 22:20:39.233151, 151970, 69.34528
2024-02-02 22:22:39.242294, 152609, 69.636096
2024-02-02 22:24:39.286337, 153228, 69.91872
2024-02-02 22:26:39.286528, 153831, 70.197248
2024-02-02 22:28:39.295278, 154441, 70.475776
2024-02-02 22:30:39.403981, 155062, 70.7584
2024-02-02 22:32:39.452071, 155694, 71.04512
2024-02-02 22:34:39.641225, 156337, 71.335936
2024-02-02 22:36:39.650330, 156975, 71.626752
2024-02-02 22:38:39.657849, 157604, 71.917568
2024-02-02 22:40:39.793138, 158234, 72.204288
2024-02-02 22:42:39.815675, 158859, 72.491008
2024-02-02 22:44:39.940009, 159487, 72.773632
2024-02-02 22:46:40.015255, 160108, 73.056256
2024-02-02 22:48:40.013155, 160732, 73.342976
2024-02-02 22:50:40.122703, 161356, 73.629696
2024-02-02 22:52:40.133055, 161973, 73.91232
2024-02-02 22:54:40.303040, 162575, 74.182656
2024-02-02 22:56:40.301772, 163161, 74.452992
2024-02-02 22:58:40.397559, 163739, 74.715136
2024-02-02 23:00:40.501620, 164315, 74.97728
2024-02-02 23:02:40.525450, 164907, 75.251712
2024-02-02 23:04:41.346171, 165499, 75.517952
2024-02-02 23:06:41.362018, 166105, 75.79648
2024-02-02 23:08:41.353742, 166713, 76.070912
2024-02-02 23:10:41.389979, 167327, 76.34944
2024-02-02 23:12:41.384250, 167946, 76.632064
2024-02-02 23:14:41.382961, 168566, 76.918784
2024-02-02 23:16:41.396254, 169181, 77.197312
2024-02-02 23:18:41.437090, 169801, 77.479936
2024-02-02 23:20:41.446563, 170428, 77.766656
2024-02-02 23:22:41.456166, 171054, 78.053376
2024-02-02 23:24:41.431811, 171666, 78.331904
2024-02-02 23:26:41.445307, 172269, 78.610432
2024-02-02 23:28:42.445878, 172872, 78.884864
2024-02-02 23:30:41.867148, 173488, 79.163392
2024-02-02 23:32:42.425148, 174112, 79.446016
2024-02-02 23:34:42.658846, 174744, 79.736832
2024-02-02 23:36:43.070789, 175376, 80.027648
2024-02-02 23:38:42.638117, 175998, 80.310272
2024-02-02 23:40:42.650731, 176609, 80.5888
2024-02-02 23:42:42.658972, 177209, 80.859136
2024-02-02 23:44:42.672083, 177813, 81.137664
2024-02-02 23:46:42.680946, 178407, 81.408
2024-02-02 23:48:42.693400, 178999, 81.678336
2024-02-02 23:50:42.702024, 179584, 81.944576
2024-02-02 23:52:42.712193, 180160, 82.20672
2024-02-02 23:54:42.756377, 180709, 82.456576
2024-02-02 23:56:42.765460, 181239, 82.69824
2024-02-02 23:58:42.775992, 181759, 82.935808
2024-02-03 00:00:42.768940, 182264, 83.165184
2024-02-03 00:02:42.841049, 182776, 83.402752
2024-02-03 00:04:42.993129, 183296, 83.64032
2024-02-03 00:06:42.993204, 183813, 83.873792
2024-02-03 00:08:43.017289, 184319, 84.103168
2024-02-03 00:10:43.297899, 184816, 84.332544
2024-02-03 00:12:43.338296, 185296, 84.549632
2024-02-03 00:14:43.318272, 185778, 84.770816
2024-02-03 00:16:43.315834, 186248, 84.987904
2024-02-03 00:18:43.349467, 186726, 85.204992
2024-02-03 00:20:43.393583, 187206, 85.42208
2024-02-03 00:22:43.482530, 187686, 85.643264
2024-02-03 00:24:43.656780, 188154, 85.856256
2024-02-03 00:26:43.665373, 188598, 86.05696
2024-02-03 00:28:43.729964, 189010, 86.245376
2024-02-03 00:30:43.722953, 189417, 86.429696
2024-02-03 00:32:44.032817, 189803, 86.60992
2024-02-03 00:34:44.037367, 190187, 86.781952
2024-02-03 00:36:44.073473, 190581, 86.962176
2024-02-03 00:38:44.781174, 190959, 87.134208
2024-02-03 00:40:44.098950, 191317, 87.298048
2024-02-03 00:42:44.184701, 191657, 87.453696
2024-02-03 00:44:44.369477, 191982, 87.601152
2024-02-03 00:46:44.383840, 192297, 87.744512
2024-02-03 00:48:44.676377, 192609, 87.887872
2024-02-03 00:50:44.701550, 192918, 88.027136
2024-02-03 00:52:44.691069, 193217, 88.1664
2024-02-03 00:54:44.726306, 193491, 88.293376
2024-02-03 00:56:44.751669, 193748, 88.408064
2024-02-03 00:58:44.915840, 193985, 88.51456
2024-02-03 01:00:44.963689, 194217, 88.621056
2024-02-03 01:02:44.977088, 194444, 88.723456
2024-02-03 01:04:45.105408, 194673, 88.829952
2024-02-03 01:06:45.161285, 194905, 88.936448
2024-02-03 01:08:45.175659, 195127, 89.034752
2024-02-03 01:10:45.339389, 195352, 89.137152
2024-02-03 01:12:45.347348, 195574, 89.239552
2024-02-03 01:14:45.493260, 195789, 89.337856
2024-02-03 01:16:45.514032, 196005, 89.43616
2024-02-03 01:18:45.806068, 196230, 89.53856
2024-02-03 01:20:45.815353, 196459, 89.64096
2024-02-03 01:22:45.841274, 196683, 89.74336
2024-02-03 01:24:45.906985, 196899, 89.84576
2024-02-03 01:26:45.921517, 197097, 89.935872
2024-02-03 01:28:46.399797, 197291, 90.025984
2024-02-03 01:30:46.411788, 197489, 90.116096
2024-02-03 01:32:46.437591, 197691, 90.206208
2024-02-03 01:34:46.447487, 197908, 90.304512
2024-02-03 01:36:46.457412, 198139, 90.411008
2024-02-03 01:38:46.454364, 198378, 90.5216
2024-02-03 01:40:46.461578, 198629, 90.636288
2024-02-03 01:42:46.518347, 198877, 90.74688
2024-02-03 01:44:46.730512, 199131, 90.865664
2024-02-03 01:46:46.728700, 199379, 90.976256
2024-02-03 01:48:46.753179, 199620, 91.086848
2024-02-03 01:50:46.800692, 199853, 91.193344
2024-02-03 01:52:46.917338, 200070, 91.291648
2024-02-03 01:54:47.053685, 200280, 91.385856
2024-02-03 01:56:47.182555, 200495, 91.488256
2024-02-03 01:58:47.381972, 200711, 91.58656
2024-02-03 02:00:47.438837, 200932, 91.68896
2024-02-03 02:02:47.510381, 201163, 91.79136
2024-02-03 02:04:47.548137, 201387, 91.89376
2024-02-03 02:06:47.542144, 201611, 91.99616
2024-02-03 02:08:47.846976, 201832, 92.09856
2024-02-03 02:10:47.884867, 202045, 92.192768
2024-02-03 02:12:47.897625, 202267, 92.295168
2024-02-03 02:14:47.902475, 202486, 92.393472
2024-02-03 02:16:47.994986, 202722, 92.504064
2024-02-03 02:18:48.542623, 202958, 92.61056
2024-02-03 02:20:48.553522, 203195, 92.717056
2024-02-03 02:22:48.559749, 203422, 92.819456
2024-02-03 02:24:48.590194, 203646, 92.921856
2024-02-03 02:26:48.582838, 203877, 93.028352
2024-02-03 02:28:48.594009, 204112, 93.138944
2024-02-03 02:30:48.619212, 204350, 93.249536
2024-02-03 02:32:49.391514, 204582, 93.351936
2024-02-03 02:34:48.714043, 204814, 93.458432
2024-02-03 02:36:48.738844, 205040, 93.560832
2024-02-03 02:38:48.728126, 205264, 93.663232
2024-02-03 02:40:48.770056, 205492, 93.765632
2024-02-03 02:42:48.815674, 205724, 93.872128
2024-02-03 02:44:48.954970, 205956, 93.978624
2024-02-03 02:46:49.026814, 206196, 94.089216
2024-02-03 02:48:49.035656, 206435, 94.195712
2024-02-03 02:50:49.181111, 206674, 94.306304
2024-02-03 02:52:49.198917, 206894, 94.404608
2024-02-03 02:54:49.456484, 207099, 94.498816
2024-02-03 02:56:49.469486, 207295, 94.588928
2024-02-03 02:58:49.462921, 207489, 94.674944
2024-02-03 03:00:49.618121, 207705, 94.777344
2024-02-03 03:02:49.594743, 207928, 94.879744
2024-02-03 03:04:49.869637, 208152, 94.982144
2024-02-03 03:06:49.899107, 208376, 95.084544
2024-02-03 03:08:49.884694, 208602, 95.186944
2024-02-03 03:10:49.886624, 208827, 95.289344
2024-02-03 03:12:49.918372, 209045, 95.387648
2024-02-03 03:14:50.191353, 209267, 95.490048
2024-02-03 03:16:50.205476, 209485, 95.588352
2024-02-03 03:18:50.253515, 209701, 95.686656
2024-02-03 03:20:50.323054, 209906, 95.780864
2024-02-03 03:22:50.323642, 210106, 95.870976
2024-02-03 03:24:50.489011, 210302, 95.961088
2024-02-03 03:26:50.487142, 210486, 96.043008
2024-02-03 03:28:50.808578, 210670, 96.129024
2024-02-03 03:30:50.851785, 210857, 96.21504
2024-02-03 03:32:50.847761, 211049, 96.301056
2024-02-03 03:34:50.927763, 211241, 96.391168
2024-02-03 03:36:50.957165, 211428, 96.477184
2024-02-03 03:38:50.990729, 211612, 96.5632
2024-02-03 03:40:51.026828, 211789, 96.641024
2024-02-03 03:42:51.075905, 211963, 96.722944
2024-02-03 03:44:51.266884, 212131, 96.796672
2024-02-03 03:46:51.275692, 212292, 96.8704
2024-02-03 03:48:51.380067, 212452, 96.944128
2024-02-03 03:50:51.441005, 212601, 97.01376
2024-02-03 03:52:51.535603, 212739, 97.0752
2024-02-03 03:54:51.648511, 212857, 97.128448
2024-02-03 03:56:51.679508, 212969, 97.181696
2024-02-03 03:58:51.762782, 213081, 97.230848
2024-02-03 04:00:51.830823, 213201, 97.288192
2024-02-03 04:02:51.903460, 213326, 97.34144
2024-02-03 04:04:52.061604, 213443, 97.394688
2024-02-03 04:06:52.111260, 213555, 97.447936
2024-02-03 04:08:52.208479, 213667, 97.497088
2024-02-03 04:10:52.234035, 213779, 97.550336
2024-02-03 04:12:52.261814, 213888, 97.599488
2024-02-03 04:14:52.483700, 213992, 97.644544
2024-02-03 04:16:52.513939, 214096, 97.693696
2024-02-03 04:18:52.513039, 214200, 97.742848
2024-02-03 04:20:52.639274, 214304, 97.787904
2024-02-03 04:22:52.683311, 214406, 97.837056
2024-02-03 04:24:52.864271, 214498, 97.878016
2024-02-03 04:26:52.870744, 214594, 97.918976
2024-02-03 04:28:52.941790, 214694, 97.972224
2024-02-03 04:30:53.136794, 214798, 98.01728
2024-02-03 04:32:53.155493, 214899, 98.062336
2024-02-03 04:34:53.319358, 214995, 98.107392
2024-02-03 04:36:53.349712, 215084, 98.148352
2024-02-03 04:38:53.353978, 215165, 98.185216
2024-02-03 04:40:53.499041, 215248, 98.22208
2024-02-03 04:42:53.503018, 215336, 98.26304
2024-02-03 04:44:53.756561, 215425, 98.304
2024-02-03 04:46:53.775778, 215517, 98.34496
2024-02-03 04:48:53.802935, 215613, 98.390016
2024-02-03 04:50:53.915995, 215706, 98.430976
2024-02-03 04:52:53.931769, 215791, 98.46784
2024-02-03 04:54:54.145673, 215859, 98.500608
2024-02-03 04:56:54.156399, 215923, 98.52928
2024-02-03 04:58:54.332391, 215987, 98.557952
2024-02-03 05:00:54.412346, 216063, 98.594816
2024-02-03 05:02:54.444067, 216143, 98.63168
2024-02-03 05:04:54.540087, 216223, 98.664448
2024-02-03 05:06:54.538485, 216303, 98.701312
2024-02-03 05:08:54.680781, 216380, 98.738176
2024-02-03 05:10:54.681611, 216445, 98.766848
2024-02-03 05:12:54.825003, 216513, 98.799616
2024-02-03 05:14:54.967096, 216585, 98.832384
2024-02-03 05:16:54.998170, 216658, 98.865152
2024-02-03 05:18:55.116559, 216738, 98.902016
2024-02-03 05:20:55.129384, 216815, 98.934784
2024-02-03 05:22:55.192090, 216884, 98.967552
2024-02-03 05:24:55.394591, 216948, 98.996224
2024-02-03 05:26:55.426399, 217012, 99.024896
2024-02-03 05:28:55.446796, 217076, 99.053568
2024-02-03 05:30:55.500688, 217140, 99.08224
2024-02-03 05:32:55.617514, 217204, 99.110912
2024-02-03 05:34:55.773635, 217268, 99.14368
2024-02-03 05:36:55.804464, 217328, 99.168256
2024-02-03 05:38:55.872563, 217384, 99.192832
2024-02-03 05:40:55.999720, 217440, 99.221504
2024-02-03 05:42:56.077717, 217500, 99.24608
2024-02-03 05:44:56.233800, 217568, 99.278848
2024-02-03 05:46:56.246868, 217644, 99.311616
2024-02-03 05:48:56.326872, 217724, 99.34848
2024-02-03 05:50:56.498820, 217804, 99.385344
2024-02-03 05:52:56.527923, 217884, 99.422208
2024-02-03 05:54:56.692807, 217955, 99.454976
2024-02-03 05:56:56.725162, 218025, 99.487744
2024-02-03 05:58:56.727982, 218098, 99.520512
2024-02-03 06:00:56.856200, 218178, 99.557376
2024-02-03 06:02:56.903661, 218258, 99.59424
2024-02-03 06:04:57.115111, 218338, 99.631104
2024-02-03 06:06:57.178827, 218418, 99.667968
2024-02-03 06:08:57.159748, 218498, 99.704832
2024-02-03 06:10:57.314860, 218584, 99.745792
2024-02-03 06:12:57.357999, 218676, 99.786752
2024-02-03 06:14:57.480807, 218792, 99.84
2024-02-03 06:16:57.542853, 218904, 99.889152
2024-02-03 06:18:57.582474, 219020, 99.9424
2024-02-03 06:20:57.718189, 219144, 99.999744
2024-02-03 06:22:57.786952, 219272, 100.057088
2024-02-03 06:24:57.921929, 219395, 100.114432
2024-02-03 06:26:57.937528, 219515, 100.16768
2024-02-03 06:28:58.097507, 219642, 100.225024
2024-02-03 06:30:58.095423, 219770, 100.286464
2024-02-03 06:32:58.224561, 219906, 100.347904
2024-02-03 06:34:58.429744, 220046, 100.409344
2024-02-03 06:36:58.429074, 220180, 100.470784
2024-02-03 06:38:58.457427, 220320, 100.53632
2024-02-03 06:40:58.930380, 220464, 100.601856
2024-02-03 06:42:58.942179, 220608, 100.667392
2024-02-03 06:44:58.984700, 220766, 100.737024
2024-02-03 06:46:59.025194, 220928, 100.810752
2024-02-03 06:48:59.002557, 221096, 100.888576
2024-02-03 06:50:59.052689, 221267, 100.9664
2024-02-03 06:52:59.078771, 221441, 101.044224
2024-02-03 06:54:59.231209, 221617, 101.126144
2024-02-03 06:56:59.245749, 221806, 101.21216
2024-02-03 06:58:59.284431, 221998, 101.302272
2024-02-03 07:00:59.370713, 222202, 101.39648
2024-02-03 07:02:59.458948, 222416, 101.494784
2024-02-03 07:04:59.633555, 222632, 101.593088
2024-02-03 07:06:59.644158, 222850, 101.691392
2024-02-03 07:08:59.691892, 223074, 101.793792
2024-02-03 07:10:59.791731, 223298, 101.896192
2024-02-03 07:12:59.836577, 223522, 101.994496
2024-02-03 07:15:00.004523, 223758, 102.105088
2024-02-03 07:17:00.016543, 224008, 102.21568
2024-02-03 07:19:00.102046, 224271, 102.33856
2024-02-03 07:21:00.138091, 224551, 102.465536
2024-02-03 07:23:00.235399, 224845, 102.596608
2024-02-03 07:25:00.428274, 225141, 102.731776
2024-02-03 07:27:00.428415, 225438, 102.87104
2024-02-03 07:29:00.473534, 225734, 103.006208
2024-02-03 07:31:00.565706, 226043, 103.149568
2024-02-03 07:33:00.631671, 226363, 103.292928
2024-02-03 07:35:00.853364, 226691, 103.44448
2024-02-03 07:37:00.898301, 227019, 103.591936
2024-02-03 07:39:00.913727, 227339, 103.739392
2024-02-03 07:41:00.929340, 227664, 103.886848
2024-02-03 07:43:01.249732, 227991, 104.034304
2024-02-03 07:45:01.241186, 228323, 104.185856
2024-02-03 07:47:01.249829, 228667, 104.341504
2024-02-03 07:49:01.275173, 229023, 104.50944
2024-02-03 07:51:01.336722, 229382, 104.67328
2024-02-03 07:53:01.414066, 229741, 104.833024
2024-02-03 07:55:01.583462, 230090, 104.992768
2024-02-03 07:57:01.597182, 230449, 105.156608
2024-02-03 07:59:01.974518, 230826, 105.32864
2024-02-03 08:01:01.998901, 231227, 105.51296
2024-02-03 08:03:02.007225, 231639, 105.69728
2024-02-03 08:05:01.998647, 232055, 105.889792
2024-02-03 08:07:02.020389, 232471, 106.078208
2024-02-03 08:09:02.045310, 232871, 106.262528
2024-02-03 08:11:02.148142, 233278, 106.446848
2024-02-03 08:13:02.165981, 233688, 106.635264
2024-02-03 08:15:02.417248, 234087, 106.815488
2024-02-03 08:17:02.431036, 234525, 107.016192
2024-02-03 08:19:08.342858, 234976, 107.220992
2024-02-03 08:21:08.352660, 235413, 107.421696
2024-02-03 08:23:08.362645, 235856, 107.6224
2024-02-03 08:25:08.366494, 236252, 107.80672
2024-02-03 08:27:08.377355, 236718, 108.019712
2024-02-03 08:29:08.386269, 237202, 108.2368
2024-02-03 09:57:25.145721, 237462, 108.355584
2024-02-03 09:59:24.280193, 238035, 108.617728
2024-02-03 10:01:24.284833, 238633, 108.888064
2024-02-03 10:03:24.276527, 239233, 109.162496
2024-02-03 10:05:24.311914, 239832, 109.441024
2024-02-03 10:07:24.441553, 240424, 109.707264
2024-02-03 10:09:24.462705, 241028, 109.985792
2024-02-03 10:11:24.548796, 241650, 110.268416
2024-02-03 10:13:24.610368, 242288, 110.559232
2024-02-03 10:15:24.789624, 242934, 110.850048
2024-02-03 10:17:24.801717, 243580, 111.149056
2024-02-03 10:19:24.821270, 244228, 111.443968
2024-02-03 10:21:24.978598, 244885, 111.742976
2024-02-03 10:23:25.333104, 245540, 112.041984
2024-02-03 10:25:25.374710, 246196, 112.340992
2024-02-03 10:27:25.424369, 246856, 112.64
2024-02-03 10:29:25.456970, 247518, 112.9472
2024-02-03 10:31:25.455023, 248177, 113.246208
2024-02-03 10:33:25.469917, 248842, 113.549312
2024-02-03 10:35:25.501457, 249516, 113.856512
2024-02-03 10:37:25.876382, 250198, 114.163712
2024-02-03 10:39:25.911073, 250867, 114.475008
2024-02-03 10:41:25.919792, 251548, 114.782208
2024-02-03 10:43:25.928157, 252247, 115.101696
2024-02-03 10:45:25.906320, 252950, 115.421184
2024-02-03 10:47:26.128473, 253669, 115.748864
2024-02-03 10:49:26.148476, 254410, 116.088832
2024-02-03 10:51:26.348245, 255155, 116.4288
2024-02-03 10:53:26.387914, 255884, 116.760576
2024-02-03 10:55:26.375191, 256604, 117.088256
2024-02-03 10:57:26.510031, 257322, 117.415936
2024-02-03 10:59:26.541604, 258049, 117.751808
2024-02-03 11:01:26.534890, 258787, 118.08768
2024-02-03 11:03:26.586642, 259522, 118.419456
2024-02-03 11:05:26.644572, 260274, 118.76352
2024-02-03 11:07:26.893781, 261026, 119.107584
2024-02-03 11:09:26.938676, 261775, 119.451648
2024-02-03 11:11:26.932101, 262514, 119.78752
2024-02-03 11:13:26.941110, 263248, 120.119296
2024-02-03 11:15:27.019624, 263993, 120.459264
2024-02-03 11:17:27.384498, 264736, 120.799232
2024-02-03 11:19:27.398882, 265499, 121.151488
2024-02-03 11:21:27.423894, 266288, 121.50784
2024-02-03 11:23:27.432935, 267094, 121.87648
2024-02-03 11:25:27.753584, 267899, 122.241024
2024-02-03 11:27:27.806518, 268697, 122.609664
2024-02-03 11:29:27.798937, 269492, 122.970112
2024-02-03 11:31:27.791802, 270290, 123.334656
2024-02-03 11:33:27.814058, 271091, 123.6992
2024-02-03 11:35:28.556302, 271893, 124.063744
2024-02-03 11:37:28.390701, 272701, 124.43648
2024-02-03 11:39:28.400108, 273514, 124.80512
2024-02-03 11:41:28.409788, 274338, 125.181952
2024-02-03 11:43:28.422060, 275169, 125.558784
2024-02-03 11:45:28.556602, 276002, 125.943808
2024-02-03 11:47:29.424657, 276835, 126.32064
2024-02-03 11:49:29.408749, 277667, 126.701568
2024-02-03 11:51:29.412409, 278509, 127.082496
2024-02-03 11:53:29.422574, 279358, 127.471616
2024-02-03 11:55:29.431761, 280219, 127.864832
2024-02-03 11:57:29.477498, 281082, 128.258048
2024-02-03 11:59:29.455821, 281948, 128.651264
2024-02-03 12:01:29.481300, 282828, 129.056768
2024-02-03 12:03:29.474579, 283702, 129.45408
2024-02-03 12:05:29.494249, 284575, 129.851392
2024-02-03 12:07:29.530710, 285435, 130.244608
2024-02-03 12:09:29.509731, 286296, 130.633728
2024-02-03 12:11:29.551431, 287160, 131.03104
2024-02-03 12:13:29.549023, 288024, 131.424256
2024-02-03 12:15:29.574371, 288879, 131.813376
2024-02-03 12:17:29.614748, 289744, 132.206592
2024-02-03 12:19:29.643940, 290602, 132.603904
2024-02-03 12:21:29.636889, 291456, 132.993024
2024-02-03 12:23:29.662578, 292302, 133.378048
2024-02-03 12:25:29.712704, 293132, 133.75488
2024-02-03 12:27:29.921928, 293952, 134.131712
2024-02-03 12:29:29.938963, 294685, 134.463488
2024-02-03 12:31:29.936164, 295514, 134.844416
2024-02-03 12:33:29.926798, 296346, 135.221248
2024-02-03 12:35:29.951193, 297180, 135.606272
2024-02-03 12:37:29.948042, 298012, 135.983104
2024-02-03 12:39:29.948905, 298845, 136.364032
2024-02-03 12:41:29.990554, 299673, 136.740864
2024-02-03 12:43:29.985508, 300505, 137.117696
2024-02-03 12:45:29.994469, 301338, 137.50272
2024-02-03 12:47:29.979689, 302176, 137.883648
2024-02-03 12:49:30.005640, 303018, 138.264576
2024-02-03 12:51:30.015852, 303874, 138.653696
2024-02-03 12:53:30.026398, 304730, 139.051008
2024-02-03 12:55:30.036286, 305586, 139.440128
2024-02-03 12:57:30.052228, 306444, 139.829248
2024-02-03 12:59:30.044748, 307299, 140.218368
2024-02-03 13:01:30.055450, 308153, 140.611584
2024-02-03 13:03:30.063831, 309009, 141.000704
2024-02-03 13:05:30.076084, 309861, 141.389824
2024-02-03 13:07:30.113564, 310714, 141.774848
2024-02-03 13:09:30.090743, 311569, 142.168064
2024-02-03 13:11:30.100605, 312423, 142.557184
2024-02-03 13:13:30.110370, 313281, 142.9504
2024-02-03 13:15:30.119494, 314150, 143.343616
2024-02-03 13:17:30.160457, 315008, 143.740928
2024-02-03 13:19:30.138683, 315859, 144.125952
2024-02-03 13:21:30.194215, 316720, 144.519168
2024-02-03 13:23:30.158025, 317580, 144.908288
2024-02-03 13:25:30.168348, 318438, 145.301504
2024-02-03 13:27:30.199841, 319294, 145.69472
2024-02-03 13:29:30.178659, 320158, 146.087936
2024-02-03 13:31:30.188557, 321022, 146.481152
2024-02-03 13:33:30.198014, 321890, 146.874368
2024-02-03 13:35:30.207819, 322758, 147.275776
2024-02-03 13:37:30.243811, 323618, 147.664896
2024-02-03 13:39:30.220805, 324459, 148.04992
2024-02-03 13:41:30.226772, 325307, 148.434944
2024-02-03 13:43:30.252912, 326168, 148.832256
2024-02-03 13:45:30.248109, 327033, 149.225472
2024-02-03 13:47:30.295179, 327905, 149.622784
2024-02-03 13:49:30.273957, 328783, 150.020096
2024-02-03 13:51:30.293210, 329674, 150.429696
2024-02-03 13:53:30.298575, 330570, 150.839296
2024-02-03 13:55:30.312990, 331469, 151.248896
2024-02-03 13:57:30.329865, 332365, 151.6544
2024-02-03 13:59:30.324751, 333263, 152.068096
2024-02-03 14:01:30.334709, 334159, 152.4736
2024-02-03 14:03:30.340218, 335043, 152.879104
2024-02-03 14:05:30.365476, 335923, 153.276416
2024-02-03 14:07:30.354310, 336809, 153.686016
2024-02-03 14:09:30.363510, 337690, 154.087424
2024-02-03 14:11:30.366372, 338567, 154.484736
2024-02-03 14:13:30.376426, 339446, 154.886144
2024-02-03 14:15:30.385716, 340329, 155.291648
2024-02-03 14:17:30.423183, 341197, 155.684864
2024-02-03 14:19:31.787923, 342070, 156.082176
2024-02-03 14:21:30.398829, 342958, 156.48768
2024-02-03 14:23:30.413490, 343840, 156.893184
2024-02-03 14:25:30.423514, 344720, 157.294592
2024-02-03 14:27:30.455563, 345600, 157.696
2024-02-03 14:29:30.435063, 346476, 158.093312
2024-02-03 14:31:30.445114, 347352, 158.49472
2024-02-03 14:33:30.461856, 348226, 158.892032
2024-02-03 14:35:30.472385, 349093, 159.289344
2024-02-03 14:37:30.496323, 349948, 159.678464
2024-02-03 14:39:30.491188, 350797, 160.063488
2024-02-03 14:41:30.501789, 351658, 160.4608
2024-02-03 14:43:30.514100, 352522, 160.854016
2024-02-03 14:45:30.515776, 353392, 161.247232
2024-02-03 14:47:30.518397, 354272, 161.64864
2024-02-03 14:49:30.543017, 355149, 162.054144
2024-02-03 14:51:30.548159, 356022, 162.451456
2024-02-03 14:53:30.547889, 356896, 162.848768
2024-02-03 14:55:30.569611, 357775, 163.24608
2024-02-03 14:57:30.567947, 358653, 163.651584
2024-02-03 14:59:30.578422, 359522, 164.048896
2024-02-03 15:01:30.591572, 360387, 164.442112
2024-02-03 15:03:30.598718, 361279, 164.847616
2024-02-03 15:05:30.608192, 362166, 165.25312
2024-02-03 15:07:30.622426, 363046, 165.654528
2024-02-03 15:09:30.648234, 363925, 166.055936
2024-02-03 15:11:30.653540, 364798, 166.453248
2024-02-03 15:13:30.662417, 365673, 166.854656
2024-02-03 15:15:30.674057, 366555, 167.256064
2024-02-03 15:17:30.683734, 367448, 167.661568
2024-02-03 15:19:30.694509, 368339, 168.067072
2024-02-03 15:21:30.704283, 369257, 168.48896
2024-02-03 15:23:30.714968, 370187, 168.914944
2024-02-03 15:25:30.725201, 371108, 169.332736
2024-02-03 15:27:30.726068, 372030, 169.750528
2024-02-03 15:29:30.736188, 372949, 170.172416
2024-02-03 15:31:32.135017, 373859, 170.590208
2024-02-03 15:33:30.753386, 374774, 171.003904
2024-02-03 15:35:30.763740, 375696, 171.425792
2024-02-03 15:37:30.768737, 376617, 171.84768
2024-02-03 15:39:30.779497, 377531, 172.265472
2024-02-03 15:41:30.789547, 378451, 172.683264
2024-02-03 15:43:30.800046, 379368, 173.101056
2024-02-03 15:45:30.808884, 380292, 173.522944
2024-02-03 15:47:30.847350, 381207, 173.940736
2024-02-03 15:49:30.828264, 382128, 174.358528
2024-02-03 15:51:30.836792, 383070, 174.792704
2024-02-03 15:53:30.853691, 384000, 175.214592
2024-02-03 15:55:30.864531, 384936, 175.640576
2024-02-03 15:57:30.875103, 385877, 176.070656
2024-02-03 15:59:30.911322, 386823, 176.504832
2024-02-03 16:01:30.889849, 387750, 176.92672
2024-02-03 16:03:30.899923, 388674, 177.348608
2024-02-03 16:05:30.909745, 389614, 177.774592
2024-02-03 16:07:30.934434, 390547, 178.204672
2024-02-03 16:09:30.959978, 391446, 178.614272
2024-02-03 16:11:30.970108, 392334, 179.01568
2024-02-03 16:13:30.948373, 393206, 179.412992
2024-02-03 16:15:30.989303, 394076, 179.8144
2024-02-03 16:17:30.991043, 394953, 180.211712
2024-02-03 16:19:30.983492, 395824, 180.609024
2024-02-03 16:21:30.983287, 396672, 180.994048
2024-02-03 16:23:30.991686, 397508, 181.379072
2024-02-03 16:25:31.013074, 398312, 181.747712
2024-02-03 16:27:31.027704, 399119, 182.112256
2024-02-03 16:29:31.038335, 399949, 182.489088
2024-02-03 16:31:31.052847, 400793, 182.874112
2024-02-03 16:33:31.063310, 401638, 183.263232
2024-02-03 16:35:31.098471, 402484, 183.648256
2024-02-03 16:37:31.099218, 403310, 184.025088
2024-02-03 16:39:31.093182, 404111, 184.389632
2024-02-03 16:41:31.087217, 404919, 184.762368
2024-02-03 16:43:31.113813, 405728, 185.131008
2024-02-03 16:45:31.108276, 406544, 185.499648
2024-02-03 16:47:31.143924, 407356, 185.868288
2024-02-03 16:49:31.123667, 408172, 186.24512
2024-02-03 16:51:31.164604, 408997, 186.621952
2024-02-03 16:53:31.143096, 409789, 186.9824
2024-02-03 16:55:31.152624, 410575, 187.338752
2024-02-03 16:57:31.173239, 411385, 187.707392
2024-02-03 16:59:31.182978, 412190, 188.080128
2024-02-03 17:01:31.177214, 413008, 188.448768
2024-02-03 17:03:31.190012, 413845, 188.829696
2024-02-03 17:05:31.199692, 414691, 189.21472
2024-02-03 17:07:31.207918, 415523, 189.599744
2024-02-03 17:09:31.218075, 416321, 189.964288
2024-02-03 17:11:31.227851, 417085, 190.308352
2024-02-03 17:13:31.237771, 417846, 190.656512
2024-02-03 17:15:31.242786, 418607, 191.004672
2024-02-03 17:17:31.262484, 419360, 191.348736
2024-02-03 17:19:31.303291, 420112, 191.6928
2024-02-03 17:21:31.312084, 420872, 192.036864
2024-02-03 17:23:32.771993, 421637, 192.385024
2024-02-03 17:25:31.300602, 422403, 192.733184
2024-02-03 17:27:31.331649, 423168, 193.08544
2024-02-03 17:29:31.334859, 423935, 193.437696
2024-02-03 17:31:31.312797, 424707, 193.785856
2024-02-03 17:33:31.368302, 425475, 194.138112
2024-02-03 17:35:31.331165, 426238, 194.486272
2024-02-03 17:37:31.347043, 426989, 194.830336
2024-02-03 17:39:31.373329, 427744, 195.1744
2024-02-03 17:41:31.387074, 428502, 195.518464
2024-02-03 17:43:31.367725, 429266, 195.866624
2024-02-03 17:45:31.405384, 430031, 196.21888
2024-02-03 17:47:31.600678, 430784, 196.562944
2024-02-03 17:49:31.630454, 431538, 196.902912
2024-02-03 17:51:31.608471, 432296, 197.251072
2024-02-03 17:53:31.842784, 433048, 197.59104
2024-02-03 17:55:31.835961, 433800, 197.9392
2024-02-03 18:50:58.990303, 434551, 198.279168
2024-02-03 18:52:59.006930, 435247, 198.59456
2024-02-03 18:54:59.201543, 435943, 198.914048
2024-02-03 18:56:59.227148, 436643, 199.233536
2024-02-03 18:58:59.232375, 437338, 199.553024
2024-02-03 19:00:59.399034, 438010, 199.856128
2024-02-03 19:02:59.438416, 438667, 200.155136
2024-02-03 19:04:59.436565, 439324, 200.454144
2024-02-03 19:06:59.476050, 439980, 200.753152
2024-02-03 19:08:59.484344, 440640, 201.060352
2024-02-03 19:10:59.742882, 441284, 201.351168
2024-02-03 19:12:59.788134, 441922, 201.641984
2024-02-03 19:14:59.797107, 442558, 201.9328
2024-02-03 19:16:59.825682, 443224, 202.235904
2024-02-03 19:18:59.896477, 443881, 202.534912
2024-02-03 19:21:00.140197, 444537, 202.838016
2024-02-03 19:23:00.166252, 445197, 203.137024
2024-02-03 19:25:00.293214, 445860, 203.440128
2024-02-03 19:27:00.318065, 446497, 203.726848
2024-02-03 19:29:00.342843, 447120, 204.013568
2024-02-03 19:31:00.471455, 447748, 204.300288
2024-02-03 19:33:00.485717, 448379, 204.591104
2024-02-03 19:35:00.510275, 449011, 204.877824
2024-02-03 19:37:00.665229, 449643, 205.164544
2024-02-03 19:39:00.691402, 450273, 205.451264
2024-02-03 19:41:00.996765, 450896, 205.733888
2024-02-03 19:43:01.440363, 451522, 206.024704
2024-02-03 19:45:01.030427, 452162, 206.31552
2024-02-03 19:47:01.000359, 452802, 206.606336
2024-02-03 19:49:01.026023, 453425, 206.88896
2024-02-03 19:51:01.352298, 454049, 207.17568
2024-02-03 19:53:01.375493, 454676, 207.458304
2024-02-03 19:55:01.365921, 455300, 207.74912
2024-02-04 02:39:44.269494, 455800, 207.9744
2024-02-04 02:41:44.353363, 456067, 208.09728
2024-02-04 02:43:43.913021, 456339, 208.22016
2024-02-04 02:45:42.600608, 456611, 208.34304
2024-02-04 02:47:42.610108, 456878, 208.46592
2024-02-04 02:49:42.805595, 457137, 208.584704
2024-02-04 02:51:44.137001, 457401, 208.703488
2024-02-04 02:53:43.073040, 457661, 208.822272
2024-02-04 02:55:42.998460, 457899, 208.928768
2024-02-04 02:57:42.983192, 458131, 209.035264
2024-02-04 02:59:42.991422, 458370, 209.149952
2024-02-04 03:01:42.715154, 458617, 209.260544
2024-02-04 03:03:42.707214, 458865, 209.375232
2024-02-04 03:05:42.727135, 459110, 209.485824
2024-02-04 03:07:42.724200, 459350, 209.596416
2024-02-04 03:09:42.732457, 459596, 209.707008
2024-02-04 03:11:42.742771, 459813, 209.805312
2024-02-04 03:13:42.751256, 460048, 209.911808
2024-02-04 03:15:42.757429, 460300, 210.026496
2024-02-04 03:17:42.767764, 460566, 210.149376
2024-02-04 03:19:42.778078, 460830, 210.26816
2024-02-04 03:21:42.830151, 461094, 210.386944
2024-02-04 03:23:42.792848, 461356, 210.505728
2024-02-04 03:25:42.820349, 461600, 210.620416
2024-02-04 03:27:42.816505, 461840, 210.726912
2024-02-04 03:29:42.868440, 462080, 210.8416
2024-02-04 03:31:42.866654, 462327, 210.952192
2024-02-04 03:33:42.881789, 462570, 211.062784
2024-02-04 03:35:42.931112, 462813, 211.173376
2024-02-04 03:37:42.939751, 463053, 211.283968
2024-02-04 03:39:42.987958, 463293, 211.39456
2024-02-04 03:41:43.080541, 463525, 211.501056
2024-02-04 03:43:43.124613, 463760, 211.607552
2024-02-04 03:45:43.207956, 463988, 211.709952
2024-02-04 03:47:43.313995, 464204, 211.808256
2024-02-04 03:49:43.405670, 464417, 211.90656
2024-02-04 03:51:43.465005, 464613, 211.996672
2024-02-04 03:53:43.673026, 464793, 212.078592
2024-02-04 03:55:43.698877, 464947, 212.148224
2024-02-04 03:57:43.771083, 465099, 212.217856
2024-02-04 03:59:43.839662, 465249, 212.283392
2024-02-04 04:01:43.844057, 465409, 212.35712
2024-02-04 04:03:43.942754, 465556, 212.426752
2024-02-04 04:05:44.044384, 465700, 212.492288
2024-02-04 04:07:44.051652, 465841, 212.557824
2024-02-04 04:09:44.132982, 465977, 212.619264
2024-02-04 04:11:44.259714, 466113, 212.680704
2024-02-04 04:13:44.364380, 466242, 212.742144
2024-02-04 04:15:44.440794, 466370, 212.799488
2024-02-04 04:17:44.500788, 466498, 212.856832
2024-02-04 04:19:44.592832, 466626, 212.914176
2024-02-04 04:21:44.660183, 466746, 212.97152
2024-02-04 04:23:44.708515, 466858, 213.020672
2024-02-04 04:25:45.158557, 466970, 213.07392
2024-02-04 04:27:45.183926, 467075, 213.118976
2024-02-04 04:29:45.192864, 467183, 213.168128
2024-02-04 04:31:45.225542, 467295, 213.221376
2024-02-04 04:33:45.269903, 467400, 213.266432
2024-02-04 04:35:45.250170, 467501, 213.315584
2024-02-04 04:37:45.275893, 467597, 213.356544
2024-02-04 04:39:45.624444, 467693, 213.4016
2024-02-04 04:41:45.644766, 467789, 213.446656
2024-02-04 04:43:45.648767, 467889, 213.491712
2024-02-04 04:45:45.679254, 467987, 213.536768
2024-02-04 04:47:45.883562, 468083, 213.577728
2024-02-04 04:49:45.969147, 468179, 213.622784
2024-02-04 04:51:46.003930, 468264, 213.659648
2024-02-04 04:53:46.026512, 468349, 213.700608
2024-02-04 04:55:46.084603, 468425, 213.733376
2024-02-04 04:57:46.107638, 468499, 213.766144
2024-02-04 04:59:46.377521, 468572, 213.803008
2024-02-04 05:01:46.403756, 468652, 213.835776
2024-02-04 05:03:46.415608, 468732, 213.87264
2024-02-04 05:05:46.413804, 468812, 213.909504
2024-02-04 05:07:46.501002, 468892, 213.946368
2024-02-04 05:09:46.801321, 468962, 213.979136
2024-02-04 05:11:46.832530, 469026, 214.011904
2024-02-04 05:13:46.826874, 469090, 214.040576
2024-02-04 05:15:46.878443, 469157, 214.073344
2024-02-04 05:17:46.952063, 469229, 214.106112
2024-02-04 05:19:47.299058, 469301, 214.13888
2024-02-04 05:21:47.331558, 469366, 214.167552
2024-02-04 05:23:47.343747, 469423, 214.192128
2024-02-04 05:25:47.329751, 469479, 214.216704
2024-02-04 05:27:47.351024, 469535, 214.245376
2024-02-04 05:29:47.762969, 469591, 214.269952
2024-02-04 05:31:47.781697, 469647, 214.294528
2024-02-04 05:33:47.794825, 469703, 214.319104
2024-02-04 05:35:47.807573, 469759, 214.347776
2024-02-04 05:37:47.816749, 469808, 214.368256
2024-02-04 05:39:48.065124, 469856, 214.388736
2024-02-04 05:41:48.093613, 469904, 214.413312
2024-02-04 05:43:48.326351, 469954, 214.433792
2024-02-04 05:45:48.356340, 470010, 214.458368
2024-02-04 05:47:48.364751, 470066, 214.48704
2024-02-04 05:49:48.545398, 470123, 214.511616
2024-02-04 05:51:48.727050, 470187, 214.540288
2024-02-04 05:53:48.769433, 470248, 214.56896
2024-02-04 05:55:48.808462, 470299, 214.593536
2024-02-04 05:57:48.803099, 470355, 214.618112
2024-02-04 05:59:49.000079, 470417, 214.646784
2024-02-04 06:01:49.031780, 470489, 214.679552
2024-02-04 06:03:49.004428, 470561, 214.71232
2024-02-04 06:05:49.089951, 470633, 214.745088
2024-02-04 06:07:49.176527, 470705, 214.777856
2024-02-04 06:09:49.458802, 470774, 214.806528
2024-02-04 06:11:49.493234, 470838, 214.8352
2024-02-04 06:13:49.536326, 470902, 214.867968
2024-02-04 06:15:49.505591, 470970, 214.89664
2024-02-04 06:17:49.690174, 471042, 214.929408
2024-02-04 06:19:49.862026, 471114, 214.962176
2024-02-04 06:21:49.980414, 471186, 214.994944
2024-02-04 06:23:50.008533, 471258, 215.027712
2024-02-04 06:25:49.997882, 471330, 215.06048
2024-02-04 06:27:50.007131, 471402, 215.093248
2024-02-04 06:29:50.289656, 471474, 215.126016
2024-02-04 06:31:50.305373, 471546, 215.158784
2024-02-04 06:33:50.315738, 471618, 215.191552
2024-02-04 06:35:50.369558, 471685, 215.22432
2024-02-04 06:37:50.360133, 471742, 215.248896
2024-02-04 06:39:50.725885, 471803, 215.277568
2024-02-04 06:41:50.765271, 471867, 215.30624
2024-02-04 06:43:50.778058, 471931, 215.334912
2024-02-04 06:45:50.781552, 471995, 215.363584
2024-02-04 06:47:50.860778, 472059, 215.392256
2024-02-04 06:49:51.123879, 472123, 215.420928
2024-02-04 06:51:51.147400, 472191, 215.453696
2024-02-04 06:53:51.152794, 472256, 215.482368
2024-02-04 06:55:51.159927, 472320, 215.51104
2024-02-04 06:57:51.229198, 472384, 215.539712
2024-02-04 06:59:51.581575, 472448, 215.568384
2024-02-04 07:01:51.600272, 472519, 215.601152
2024-02-04 07:03:51.625506, 472594, 215.642112
2024-02-04 07:05:51.617277, 472674, 215.678976
2024-02-04 07:07:51.731057, 472754, 215.711744
2024-02-04 07:09:52.076758, 472834, 215.748608
2024-02-04 07:11:52.109373, 472907, 215.781376
2024-02-04 07:13:52.103675, 472979, 215.814144
2024-02-04 07:15:52.096047, 473058, 215.851008
2024-02-04 07:17:52.184914, 473143, 215.891968
2024-02-04 07:19:52.465211, 473231, 215.928832
2024-02-04 07:21:52.512119, 473319, 215.969792
2024-02-04 07:23:52.506043, 473407, 216.010752
2024-02-04 07:25:52.500300, 473495, 216.051712
2024-02-04 07:27:52.632801, 473583, 216.092672
2024-02-04 07:29:53.058322, 473671, 216.129536
2024-02-04 07:31:53.078848, 473759, 216.170496
2024-02-04 07:33:53.098071, 473855, 216.215552
2024-02-04 07:35:53.119372, 473951, 216.256512
2024-02-04 07:37:53.108541, 474047, 216.301568
2024-02-04 07:39:53.286803, 474149, 216.346624
2024-02-04 07:41:53.317217, 474245, 216.39168
2024-02-04 07:43:53.348396, 474348, 216.440832
2024-02-04 07:45:53.496575, 474457, 216.489984
2024-02-04 07:47:53.540106, 474569, 216.539136
2024-02-04 07:49:53.667172, 474681, 216.592384
2024-02-04 07:51:53.683792, 474797, 216.641536
2024-02-04 07:53:53.695730, 474900, 216.690688
2024-02-04 07:55:54.223060, 475001, 216.735744
2024-02-04 07:57:54.224797, 475102, 216.7808
2024-02-04 07:59:54.252412, 475198, 216.825856
2024-02-04 08:01:54.260204, 475301, 216.870912
2024-02-04 08:03:54.286727, 475405, 216.920064
2024-02-04 08:05:54.281381, 475515, 216.969216
2024-02-04 08:07:54.323626, 475627, 217.022464
2024-02-04 08:09:54.508768, 475735, 217.071616
2024-02-04 08:11:54.531040, 475839, 217.116672
2024-02-04 08:13:54.509749, 475936, 217.161728
2024-02-04 08:15:54.533012, 476032, 217.206784
2024-02-04 08:17:54.610959, 476147, 217.255936
2024-02-04 08:19:54.910920, 476273, 217.317376
2024-02-04 08:21:54.941321, 476401, 217.378816
2024-02-04 08:23:54.968849, 476529, 217.43616
2024-02-04 08:25:54.974778, 476657, 217.493504
2024-02-04 08:27:55.074391, 476785, 217.550848
2024-02-04 08:29:55.394989, 476917, 217.612288
2024-02-04 08:31:55.393976, 477053, 217.673728
2024-02-04 08:33:55.434577, 477195, 217.739264
2024-02-04 08:35:55.426894, 477339, 217.8048
2024-02-04 08:37:55.415238, 477476, 217.86624
2024-02-04 08:39:55.784758, 477628, 217.935872
2024-02-04 08:41:55.820239, 477788, 218.0096
2024-02-04 08:43:55.813962, 477960, 218.087424
2024-02-04 08:45:55.840076, 478136, 218.165248
2024-02-04 08:47:55.826392, 478315, 218.247168
2024-02-04 08:49:56.148544, 478499, 218.333184
2024-02-04 08:51:56.164347, 478676, 218.411008
2024-02-04 08:53:56.191100, 478837, 218.484736
2024-02-04 08:55:56.182951, 478994, 218.558464
2024-02-04 08:57:56.251322, 479152, 218.628096
2024-02-04 08:59:56.569258, 479315, 218.701824
2024-02-04 09:01:56.583943, 479476, 218.775552
2024-02-04 09:03:56.622382, 479638, 218.84928
2024-02-04 09:05:56.616491, 479806, 218.9312
2024-02-04 09:07:56.668971, 479974, 219.009024
2024-02-04 09:09:56.939450, 480147, 219.086848
2024-02-04 09:11:56.984632, 480305, 219.15648
2024-02-04 09:13:57.019993, 480477, 219.2384
2024-02-04 09:15:57.053206, 480665, 219.32032
2024-02-04 09:17:57.050608, 480859, 219.410432
2024-02-04 09:19:57.407218, 481067, 219.50464
2024-02-04 09:21:57.435810, 481283, 219.602944
2024-02-04 09:23:57.434943, 481499, 219.701248
2024-02-04 09:25:57.455286, 481711, 219.799552
2024-02-04 09:27:57.433812, 481939, 219.901952
2024-02-04 09:29:57.746478, 482165, 220.004352
2024-02-04 09:31:57.775028, 482386, 220.106752
2024-02-04 09:33:57.897177, 482618, 220.209152
2024-02-04 09:35:57.905680, 482854, 220.319744
2024-02-04 09:37:57.903193, 483096, 220.430336
2024-02-04 09:39:58.147735, 483356, 220.54912
2024-02-04 09:41:58.161575, 483620, 220.672
2024-02-04 09:43:58.169912, 483897, 220.798976
2024-02-04 09:45:58.239012, 484187, 220.930048
2024-02-04 09:47:58.306621, 484483, 221.065216
2024-02-04 09:49:58.691884, 484787, 221.200384
2024-02-04 09:51:58.729128, 485093, 221.339648
2024-02-04 09:53:58.737602, 485373, 221.47072
2024-02-04 09:55:58.746830, 485651, 221.5936
2024-02-04 09:57:58.755745, 485944, 221.728768
2024-02-04 09:59:58.921810, 486248, 221.868032
2024-02-04 10:01:58.951212, 486547, 222.0032
2024-02-04 10:03:58.960397, 486862, 222.14656
2024-02-04 10:05:58.970949, 487195, 222.302208
2024-02-04 10:07:58.957625, 487531, 222.45376
2024-02-04 10:09:59.306112, 487867, 222.609408
2024-02-04 10:11:59.339403, 488206, 222.76096
2024-02-04 10:13:59.347625, 488558, 222.920704
2024-02-04 10:15:59.355732, 488910, 223.084544
2024-02-04 10:17:59.332707, 489266, 223.244288
2024-02-04 10:19:59.688913, 489652, 223.420416
2024-02-04 10:21:59.717775, 490040, 223.596544
2024-02-04 10:23:59.708820, 490446, 223.780864
2024-02-04 10:25:59.732328, 490806, 223.9488
2024-02-04 10:27:59.703031, 491222, 224.137216
2024-02-04 10:30:00.000905, 491633, 224.325632
2024-02-04 10:32:00.045727, 492040, 224.509952
2024-02-04 10:34:00.054377, 492448, 224.698368
2024-02-04 10:36:00.047471, 492862, 224.886784
2024-02-04 10:38:00.025328, 493286, 225.079296
2024-02-04 10:40:00.545159, 493726, 225.28
2024-02-04 10:42:00.560338, 494166, 225.4848
2024-02-04 10:44:00.553434, 494606, 225.681408
2024-02-04 10:46:00.585763, 495046, 225.882112
2024-02-04 10:48:00.608128, 495497, 226.086912
2024-02-04 10:50:00.701315, 495942, 226.291712
2024-02-04 10:52:00.735153, 496374, 226.48832
2024-02-04 10:54:00.747503, 496798, 226.680832
2024-02-04 10:56:00.756305, 497219, 226.873344
2024-02-04 10:58:00.927748, 497635, 227.06176
2024-02-04 11:00:01.055346, 498051, 227.254272
2024-02-04 11:02:01.082575, 498478, 227.45088
2024-02-04 11:04:01.075755, 498900, 227.643392
2024-02-04 11:06:01.083678, 499330, 227.835904
2024-02-04 11:08:01.124115, 499770, 228.036608
2024-02-04 11:10:01.477645, 500218, 228.241408
2024-02-04 11:12:01.538784, 500658, 228.442112
2024-02-04 11:14:01.532917, 501110, 228.646912
2024-02-04 11:16:01.525789, 501558, 228.855808
2024-02-04 11:18:01.606399, 502009, 229.060608
2024-02-04 11:20:01.797767, 502464, 229.269504
2024-02-04 11:22:01.831988, 502920, 229.474304
2024-02-04 11:24:01.825484, 503383, 229.687296
2024-02-04 11:26:02.363683, 503839, 229.892096
2024-02-04 11:28:01.900982, 504291, 230.100992
2024-02-04 11:30:02.200013, 504735, 230.301696
2024-02-04 11:32:02.223976, 505175, 230.506496
2024-02-04 11:34:02.249360, 505614, 230.7072
2024-02-04 11:36:03.547498, 506006, 230.883328
2024-02-04 11:38:02.248207, 506454, 231.088128
2024-02-04 11:40:02.659614, 506905, 231.292928
2024-02-04 11:42:02.666847, 507376, 231.50592
2024-02-04 11:44:02.675510, 507856, 231.727104
2024-02-04 11:46:02.700256, 508336, 231.944192
2024-02-04 11:48:02.724497, 508817, 232.165376
2024-02-04 11:50:02.885971, 509303, 232.38656
2024-02-04 11:52:02.916158, 509781, 232.607744
2024-02-04 11:54:02.925716, 510244, 232.81664
2024-02-04 11:56:02.897438, 510700, 233.025536
2024-02-04 11:58:03.141533, 511149, 233.230336
2024-02-04 12:00:03.385137, 511592, 233.43104
2024-02-04 12:02:03.398706, 512040, 233.639936
2024-02-04 12:04:03.422328, 512497, 233.844736
2024-02-04 12:06:03.399820, 512956, 234.053632
2024-02-04 12:08:03.423393, 513412, 234.262528
2024-02-04 12:10:03.769382, 513876, 234.47552
2024-02-04 12:12:03.768117, 514340, 234.684416
2024-02-04 12:14:03.792595, 514804, 234.897408
2024-02-04 12:16:03.797065, 515266, 235.106304
2024-02-04 12:18:04.217465, 515729, 235.319296
2024-02-04 12:20:04.241247, 516193, 235.532288
2024-02-04 12:22:04.545400, 516657, 235.74528
2024-02-04 12:24:04.643502, 517120, 235.954176
2024-02-04 12:26:04.558972, 517560, 236.15488
2024-02-04 12:28:04.568112, 518007, 236.35968
2024-02-04 12:30:04.750222, 518455, 236.560384
2024-02-04 12:32:04.763557, 518905, 236.765184
2024-02-04 12:34:04.920381, 519360, 236.978176
2024-02-04 12:36:04.968324, 519823, 237.187072
2024-02-04 12:38:05.745930, 520286, 237.400064
2024-02-04 12:40:05.748090, 520750, 237.60896
2024-02-04 12:42:05.781859, 521221, 237.826048
2024-02-04 12:44:05.759729, 521693, 238.03904
2024-02-04 12:46:05.767856, 522165, 238.256128
2024-02-04 12:48:05.777230, 522635, 238.46912
2024-02-04 12:50:05.791386, 523101, 238.686208
2024-02-04 12:52:05.800944, 523557, 238.891008
2024-02-04 12:54:05.809100, 524005, 239.095808
2024-02-04 12:56:05.844721, 524453, 239.300608
2024-02-04 12:58:05.823057, 524902, 239.505408
2024-02-04 13:00:05.867249, 525366, 239.714304
2024-02-04 13:02:05.883270, 525824, 239.9232
2024-02-04 13:04:05.905427, 526281, 240.132096
2024-02-04 13:06:05.980430, 526753, 240.349184
2024-02-04 13:08:06.118914, 527216, 240.562176
2024-02-04 13:10:06.305733, 527672, 240.766976
2024-02-04 13:12:06.315345, 528128, 240.975872
2024-02-04 13:14:06.316147, 528592, 241.188864
2024-02-04 13:16:06.426291, 529056, 241.39776
2024-02-04 13:18:06.451870, 529519, 241.610752
2024-02-04 13:20:07.048463, 529983, 241.823744
2024-02-04 13:22:07.047127, 530456, 242.040832
2024-02-04 13:24:07.082651, 530934, 242.25792
2024-02-04 13:26:07.075490, 531393, 242.466816
2024-02-04 13:28:07.074169, 531840, 242.671616
2024-02-04 13:30:07.108383, 532290, 242.876416
2024-02-04 13:32:07.087471, 532746, 243.081216
2024-02-04 13:34:07.128279, 533224, 243.298304
2024-02-04 13:36:07.144142, 533697, 243.519488
2024-02-04 13:38:07.126105, 534162, 243.73248
2024-02-04 13:40:07.331881, 534634, 243.945472
2024-02-04 13:42:07.372041, 535113, 244.16256
2024-02-04 13:44:07.585026, 535593, 244.383744
2024-02-04 13:46:07.817908, 536073, 244.600832
2024-02-04 13:48:07.842319, 536557, 244.822016
2024-02-04 13:50:07.831861, 537039, 245.039104
2024-02-04 13:52:07.856952, 537522, 245.264384
2024-02-04 13:54:07.866643, 537994, 245.477376
2024-02-04 13:56:07.859760, 538460, 245.690368
2024-02-04 13:58:07.883468, 538926, 245.90336
2024-02-04 14:00:08.221195, 539408, 246.120448
2024-02-04 14:02:08.251495, 539899, 246.345728
2024-02-04 14:04:08.251574, 540379, 246.562816
2024-02-04 14:06:08.276011, 540864, 246.788096
2024-02-04 14:08:08.253360, 541336, 247.005184
2024-02-04 14:10:08.571156, 541824, 247.226368
2024-02-04 14:12:08.616125, 542312, 247.447552
2024-02-04 14:14:08.592939, 542802, 247.672832
2024-02-04 14:16:08.612721, 543298, 247.898112
2024-02-04 14:18:08.676798, 543793, 248.123392
2024-02-04 14:20:08.850622, 544297, 248.356864
2024-02-04 14:22:08.875529, 544801, 248.58624
2024-02-04 14:24:08.883601, 545296, 248.81152
2024-02-04 14:26:09.356482, 545792, 249.0368
2024-02-04 14:28:09.396603, 546284, 249.26208
2024-02-04 14:30:09.374264, 546777, 249.483264
2024-02-04 14:32:09.413372, 547267, 249.708544
2024-02-04 14:34:09.423765, 547763, 249.933824
2024-02-04 14:36:09.431944, 548259, 250.1632
2024-02-04 14:38:09.442266, 548748, 250.384384
2024-02-04 14:40:09.836983, 549260, 250.617856
2024-02-04 14:42:09.833005, 549769, 250.851328
2024-02-04 14:44:09.872608, 550273, 251.080704
2024-02-04 14:46:09.885731, 550772, 251.305984
2024-02-04 14:48:09.897829, 551276, 251.53536
2024-02-04 14:50:10.046972, 551772, 251.764736
2024-02-04 14:52:10.046655, 552264, 251.990016
2024-02-04 14:54:10.080684, 552738, 252.207104
2024-02-04 14:56:10.062952, 553203, 252.416
2024-02-04 14:58:10.071219, 553654, 252.6208
2024-02-04 15:00:10.519275, 554113, 252.829696
2024-02-04 15:02:10.549712, 554598, 253.05088
2024-02-04 15:04:10.558776, 555093, 253.280256
2024-02-04 15:06:10.567044, 555592, 253.509632
2024-02-04 15:08:10.574979, 556079, 253.730816
2024-02-04 15:10:10.819123, 556551, 253.943808
2024-02-04 15:12:10.849801, 557021, 254.160896
2024-02-04 15:14:11.051159, 557503, 254.377984
2024-02-04 15:16:11.169844, 557993, 254.603264
2024-02-04 15:18:11.100370, 558489, 254.828544
2024-02-04 15:20:11.092809, 558978, 255.053824
2024-02-04 15:22:11.106691, 559459, 255.270912
2024-02-04 15:24:11.130837, 559927, 255.483904
2024-02-04 15:26:11.206199, 560402, 255.700992
2024-02-04 15:28:11.214953, 560885, 255.922176
2024-02-04 15:30:11.497349, 561380, 256.147456
2024-02-04 15:32:11.526670, 561885, 256.376832
2024-02-04 15:34:11.535280, 562397, 256.6144
2024-02-04 15:36:11.510459, 562908, 256.847872
2024-02-04 15:38:12.080226, 563386, 257.06496
2024-02-04 15:40:12.096710, 563860, 257.277952
2024-02-04 15:42:12.074105, 564346, 257.499136
2024-02-04 15:44:12.115060, 564849, 257.728512
2024-02-04 15:46:12.237694, 565373, 257.970176
2024-02-04 15:48:12.231492, 565907, 258.215936
2024-02-04 15:50:12.305795, 566436, 258.4576
2024-02-04 15:52:12.333142, 566951, 258.691072
2024-02-04 15:54:12.327211, 567442, 258.912256
2024-02-04 15:56:16.367379, 567564, 258.9696
2024-02-04 15:58:16.360805, 568058, 259.19488
2024-02-04 16:00:16.372682, 568582, 259.432448
2024-02-04 16:02:16.381601, 569106, 259.670016
2024-02-04 16:04:16.390827, 569640, 259.919872
2024-02-04 16:06:16.400067, 570155, 260.153344
2024-02-04 16:08:16.394253, 570645, 260.374528
2024-02-04 16:10:16.410133, 571131, 260.595712
2024-02-04 16:12:16.420085, 571629, 260.825088
2024-02-04 16:14:16.414720, 572136, 261.054464
2024-02-04 16:16:16.470612, 572657, 261.292032
2024-02-04 16:18:16.446340, 573181, 261.533696
2024-02-04 16:20:16.452116, 573711, 261.77536
2024-02-04 16:22:16.461797, 574217, 262.004736
2024-02-04 16:24:16.474711, 574721, 262.234112
2024-02-04 16:26:16.483777, 575223, 262.463488
2024-02-04 16:28:16.489239, 575735, 262.69696
2024-02-04 16:30:16.496642, 576249, 262.930432
2024-02-04 16:32:16.510841, 576777, 263.176192
2024-02-04 16:34:16.520292, 577324, 263.421952
2024-02-04 16:36:16.529257, 577876, 263.675904
2024-02-04 16:38:16.539085, 578410, 263.917568
2024-02-04 16:40:16.542836, 578946, 264.163328
2024-02-04 16:42:16.552008, 579473, 264.400896
2024-02-04 16:44:16.558101, 580013, 264.646656
2024-02-04 16:46:16.571440, 580550, 264.896512
2024-02-04 16:48:16.580940, 581094, 265.142272
2024-02-04 16:50:16.586147, 581630, 265.388032
2024-02-04 16:52:16.597511, 582124, 265.613312
2024-02-04 16:54:16.606688, 582604, 265.8304
2024-02-04 16:56:16.615908, 583089, 266.051584
2024-02-04 16:58:16.624344, 583594, 266.28096
2024-02-04 17:00:16.625678, 584107, 266.518528
2024-02-04 17:02:16.634556, 584640, 266.760192
2024-02-04 17:04:16.643201, 585175, 267.005952
2024-02-04 17:06:16.651358, 585703, 267.24352
2024-02-04 17:08:16.660259, 586218, 267.481088
2024-02-04 17:10:16.668210, 586717, 267.706368
2024-02-04 17:12:16.678651, 587205, 267.927552
2024-02-04 17:14:16.686775, 587705, 268.161024
2024-02-04 17:16:16.696079, 588203, 268.386304
2024-02-04 17:18:16.704699, 588715, 268.619776
2024-02-04 17:20:16.718700, 589229, 268.853248
2024-02-04 17:22:16.727440, 589744, 269.08672
2024-02-04 17:24:16.734988, 590255, 269.320192
2024-02-04 17:26:16.750137, 590761, 269.549568
2024-02-04 17:28:16.758938, 591270, 269.787136
2024-02-04 17:30:16.768754, 591783, 270.020608
2024-02-04 17:32:16.777816, 592304, 270.258176
2024-02-04 17:34:16.788141, 592824, 270.495744
2024-02-04 17:36:16.806255, 593343, 270.729216
2024-02-04 17:38:16.817083, 593849, 270.962688
2024-02-04 17:40:16.808320, 594367, 271.19616
2024-02-04 17:42:16.832485, 594883, 271.437824
2024-02-04 17:44:16.840892, 595403, 271.671296
2024-02-04 17:46:16.834623, 595923, 271.908864
2024-02-04 17:48:16.849183, 596439, 272.142336
2024-02-04 17:50:16.847139, 596959, 272.379904
2024-02-04 17:52:16.855486, 597479, 272.617472
2024-02-04 17:54:16.865972, 597991, 272.85504
2024-02-04 17:56:16.875395, 598507, 273.088512
2024-02-04 17:58:16.885101, 599009, 273.317888
2024-02-04 18:00:16.890006, 599517, 273.547264
2024-02-04 18:02:16.899800, 600023, 273.780736
2024-02-04 18:04:16.909715, 600522, 274.006016
2024-02-04 18:06:16.917264, 601023, 274.235392
2024-02-04 18:08:19.221205, 601525, 274.464768
2024-02-04 18:10:16.945293, 602015, 274.690048
2024-02-04 18:12:16.952185, 602509, 274.915328
2024-02-04 18:14:16.952978, 603003, 275.140608
2024-02-04 18:16:16.961310, 603499, 275.365888
2024-02-04 18:18:17.002395, 603995, 275.591168
2024-02-04 18:20:17.003071, 604490, 275.816448
2024-02-04 18:22:16.991512, 605003, 276.04992
2024-02-04 18:24:17.008859, 605523, 276.291584
2024-02-04 18:26:17.018436, 606033, 276.52096
2024-02-04 18:28:17.027341, 606537, 276.750336
2024-02-04 18:30:17.028691, 607038, 276.979712
2024-02-04 18:32:17.033178, 607545, 277.209088
2024-02-04 18:34:17.046133, 608062, 277.446656
2024-02-04 18:36:17.056362, 608582, 277.684224
2024-02-04 18:38:17.065541, 609098, 277.921792
2024-02-04 18:40:17.067300, 609615, 278.155264
2024-02-04 18:42:17.076678, 610147, 278.401024
2024-02-04 18:44:17.117783, 610683, 278.642688
2024-02-04 18:46:17.124373, 611217, 278.884352
2024-02-04 18:48:17.135157, 611741, 279.126016
2024-02-04 18:50:17.144108, 612260, 279.359488
2024-02-04 18:52:17.153368, 612764, 279.59296
2024-02-04 18:54:17.161804, 613265, 279.822336
2024-02-04 18:56:17.171129, 613757, 280.047616
2024-02-04 18:58:17.146122, 614257, 280.272896
2024-02-04 19:00:17.171061, 614745, 280.49408
2024-02-04 19:02:17.164397, 615223, 280.715264
2024-02-04 19:04:17.175273, 615706, 280.932352
2024-02-04 19:06:17.177618, 616202, 281.161728
2024-02-04 19:08:17.191766, 616699, 281.391104
2024-02-04 19:10:17.202366, 617204, 281.62048
2024-02-04 19:12:17.211602, 617700, 281.84576
2024-02-04 19:14:17.327895, 618197, 282.07104
2024-02-04 19:16:17.320459, 618705, 282.300416
2024-02-04 19:18:17.329492, 619212, 282.533888
2024-02-04 19:20:17.366343, 619717, 282.76736
2024-02-04 19:22:17.341355, 620229, 283.000832
2024-02-04 19:24:17.350415, 620741, 283.234304
2024-02-04 19:26:17.396185, 621245, 283.46368
2024-02-04 19:28:17.395434, 621737, 283.684864
2024-02-04 19:30:17.608847, 622221, 283.906048
2024-02-04 19:32:17.639249, 622709, 284.127232
2024-02-04 19:34:17.642624, 623197, 284.356608
2024-02-04 19:36:17.775707, 623688, 284.577792
2024-02-04 19:38:17.785047, 624177, 284.798976
2024-02-04 19:40:17.834770, 624676, 285.028352
2024-02-04 19:42:17.864256, 625193, 285.261824
2024-02-04 19:44:17.990857, 625718, 285.503488
2024-02-04 19:46:18.045226, 626246, 285.741056
2024-02-04 19:48:18.169480, 626781, 285.990912
2024-02-04 19:50:18.673091, 627315, 286.232576
2024-02-04 19:52:18.698321, 627838, 286.470144
2024-02-04 19:54:21.166896, 628342, 286.69952
2024-02-04 19:56:18.691980, 628842, 286.928896
2024-02-04 19:58:18.759151, 629349, 287.158272
2024-02-04 20:00:18.718195, 629856, 287.387648
2024-02-04 20:02:18.742928, 630365, 287.625216
2024-02-04 20:04:18.747467, 630888, 287.862784
2024-02-04 20:06:18.761130, 631414, 288.104448
2024-02-04 20:08:18.769753, 631937, 288.342016
2024-02-04 20:10:18.953082, 632464, 288.579584
2024-02-04 20:12:18.982498, 633000, 288.825344
2024-02-04 20:14:18.975358, 633534, 289.067008
2024-02-04 20:16:19.187888, 634067, 289.312768
2024-02-04 20:18:19.211631, 634602, 289.558528
2024-02-04 20:20:19.330704, 635141, 289.804288
2024-02-04 20:22:19.328812, 635677, 290.045952
2024-02-04 20:24:19.372794, 636217, 290.291712
2024-02-04 20:26:19.362223, 636754, 290.537472
2024-02-04 20:28:19.359393, 637287, 290.779136
2024-02-04 20:30:19.694256, 637812, 291.0208
2024-02-04 20:32:19.743552, 638336, 291.262464
2024-02-04 20:34:19.857721, 638855, 291.495936
2024-02-04 20:36:19.883819, 639366, 291.729408
2024-02-04 20:38:19.890829, 639884, 291.966976
2024-02-04 20:40:20.027805, 640412, 292.204544
2024-02-04 20:42:20.073176, 640940, 292.450304
2024-02-04 20:44:20.065653, 641472, 292.691968
2024-02-04 20:46:20.073574, 641999, 292.933632
2024-02-04 20:48:20.066978, 642521, 293.1712
2024-02-04 20:50:20.442840, 643044, 293.408768
2024-02-04 20:52:20.514742, 643557, 293.64224
2024-02-04 20:54:20.554985, 644061, 293.871616
2024-02-04 20:56:20.560516, 644557, 294.100992
2024-02-04 20:58:20.567691, 645045, 294.322176
2024-02-04 21:00:20.763461, 645540, 294.547456
2024-02-04 21:02:20.798328, 646029, 294.76864
2024-02-04 21:04:20.790897, 646502, 294.985728
2024-02-04 21:06:20.831750, 646978, 295.202816
2024-02-04 21:08:21.379035, 647457, 295.419904
2024-02-04 21:10:21.410569, 647931, 295.636992
2024-02-04 21:12:21.385445, 648408, 295.858176
2024-02-04 21:14:21.405211, 648889, 296.075264
2024-02-04 21:16:21.434380, 649381, 296.300544
2024-02-04 21:18:21.438142, 649875, 296.525824
2024-02-04 21:20:21.537353, 650364, 296.747008
2024-02-04 21:22:21.567788, 650862, 296.972288
2024-02-04 21:24:21.547556, 651361, 297.201664
2024-02-04 21:26:21.567100, 651848, 297.426944
2024-02-04 21:28:21.560643, 652332, 297.648128
2024-02-04 21:30:21.935926, 652817, 297.869312
2024-02-04 21:32:21.958413, 653305, 298.090496
2024-02-04 21:34:21.955878, 653793, 298.31168
2024-02-04 21:36:21.948774, 654281, 298.532864
2024-02-04 21:38:21.957261, 654770, 298.758144
2024-02-04 21:40:22.593313, 655273, 298.991616
2024-02-04 21:42:22.622808, 655778, 299.220992
2024-02-04 21:44:22.601600, 656282, 299.450368
2024-02-04 21:46:22.626575, 656790, 299.679744
2024-02-04 21:48:22.620693, 657295, 299.90912
2024-02-04 21:50:22.682951, 657793, 300.138496
2024-02-04 21:52:22.728337, 658281, 300.35968
2024-02-04 21:54:22.736572, 658763, 300.576768
2024-02-04 21:56:22.744916, 659244, 300.802048
2024-02-04 21:58:22.822334, 659725, 301.019136
2024-02-04 22:00:23.041800, 660211, 301.24032
2024-02-04 22:02:23.039100, 660691, 301.461504
2024-02-04 22:04:23.078804, 661170, 301.678592
2024-02-04 22:06:23.066093, 661653, 301.89568
2024-02-04 22:08:23.068843, 662133, 302.116864
2024-02-04 22:10:23.384952, 662620, 302.342144
2024-02-04 22:12:23.415282, 663112, 302.567424
2024-02-04 22:14:23.401653, 663616, 302.7968
2024-02-04 22:16:23.394386, 664124, 303.026176
2024-02-04 22:18:23.403027, 664635, 303.259648
2024-02-04 22:20:23.808607, 665146, 303.49312
2024-02-04 22:22:23.808159, 665655, 303.722496
2024-02-04 22:24:23.847320, 666156, 303.955968
2024-02-04 22:26:23.850565, 666663, 304.185344
2024-02-04 22:28:23.878162, 667164, 304.41472
2024-02-04 22:30:24.251644, 667664, 304.64
2024-02-04 22:32:24.255565, 668167, 304.869376
2024-02-04 22:34:24.269547, 668663, 305.094656
2024-02-04 22:36:24.319442, 669159, 305.324032
2024-02-04 22:38:24.343479, 669655, 305.553408
2024-02-04 22:40:24.591705, 670164, 305.782784
2024-02-04 22:42:24.621518, 670669, 306.01216
2024-02-04 22:44:24.630274, 671180, 306.245632
2024-02-04 22:46:24.639781, 671690, 306.479104
2024-02-04 22:48:24.648127, 672200, 306.70848
2024-02-04 22:50:25.043510, 672699, 306.937856
2024-02-04 22:52:25.089865, 673192, 307.167232
2024-02-04 22:54:25.097396, 673670, 307.38432
2024-02-04 22:56:25.107624, 674143, 307.597312
2024-02-04 22:58:25.102201, 674607, 307.810304
2024-02-04 23:00:25.305974, 675053, 308.011008
2024-02-04 23:02:25.351277, 675494, 308.211712
2024-02-04 23:04:25.403527, 675928, 308.412416
2024-02-04 23:06:25.427556, 676368, 308.61312
2024-02-04 23:08:25.435920, 676812, 308.81792
2024-02-04 23:10:25.844200, 677258, 309.018624
2024-02-04 23:12:25.855767, 677706, 309.223424
2024-02-04 23:14:25.893230, 678154, 309.428224
2024-02-04 23:16:25.905919, 678608, 309.633024
2024-02-04 23:18:25.914540, 679071, 309.846016
2024-02-04 23:20:26.074745, 679529, 310.054912
2024-02-04 23:22:28.129519, 679987, 310.263808
2024-02-04 23:24:28.814338, 680450, 310.4768
2024-02-04 23:26:26.142350, 680895, 310.6816
2024-02-04 23:28:26.140724, 681317, 310.870016
2024-02-04 23:30:26.432797, 681743, 311.066624
2024-02-04 23:32:26.445394, 682167, 311.259136
2024-02-04 23:34:26.485123, 682591, 311.451648
2024-02-04 23:36:26.493912, 683015, 311.64416
2024-02-04 23:38:26.471256, 683439, 311.836672
2024-02-04 23:40:26.981695, 683863, 312.029184
2024-02-04 23:42:26.976181, 684297, 312.233984
2024-02-04 23:44:26.990287, 684733, 312.430592
2024-02-04 23:46:27.036006, 685165, 312.6272
2024-02-04 23:48:27.076874, 685593, 312.823808
2024-02-04 23:50:27.224481, 686010, 313.012224
2024-02-04 23:52:27.247892, 686425, 313.20064
2024-02-04 23:54:27.252818, 686833, 313.38496
2024-02-04 23:56:27.233186, 687236, 313.56928
2024-02-04 23:58:27.241866, 687640, 313.757696
2024-02-05 00:00:27.712502, 688036, 313.93792
2024-02-05 00:02:27.704454, 688423, 314.114048
2024-02-05 00:04:27.728946, 688805, 314.28608
2024-02-05 00:06:27.753468, 689187, 314.462208
2024-02-05 00:08:27.762693, 689564, 314.630144
2024-02-05 00:10:28.022116, 689935, 314.79808
2024-02-05 00:12:28.067845, 690297, 314.957824
2024-02-05 00:14:28.076560, 690657, 315.117568
2024-02-05 00:16:28.085295, 691017, 315.277312
2024-02-05 00:18:28.093225, 691362, 315.43296
2024-02-05 00:20:28.341614, 691700, 315.584512
2024-02-05 00:22:28.375667, 692038, 315.736064
2024-02-05 00:24:28.354100, 692374, 315.88352
2024-02-05 00:26:28.405189, 692696, 316.02688
2024-02-05 00:28:28.398186, 692982, 316.14976
2024-02-05 00:30:28.659509, 693262, 316.27264
2024-02-05 00:32:28.682329, 693534, 316.387328
2024-02-05 00:34:28.674873, 693812, 316.506112
2024-02-05 00:36:28.715222, 694079, 316.6208
2024-02-05 00:38:28.724925, 694334, 316.727296
2024-02-05 00:40:29.045662, 694564, 316.8256
2024-02-05 00:42:29.059741, 694784, 316.919808
2024-02-05 00:44:32.068482, 694985, 317.014016
2024-02-05 00:46:31.718306, 695185, 317.100032
2024-02-05 00:48:30.574206, 695385, 317.186048
2024-02-05 00:50:29.436854, 695583, 317.272064
2024-02-05 00:52:29.461409, 695759, 317.345792
2024-02-05 00:54:29.466031, 695905, 317.411328
2024-02-05 00:56:29.481050, 696043, 317.468672
2024-02-05 00:58:29.492852, 696163, 317.52192
2024-02-05 01:00:29.894247, 696285, 317.579264
2024-02-05 01:02:29.910033, 696399, 317.628416
2024-02-05 01:04:29.898470, 696511, 317.681664
2024-02-05 01:06:29.934096, 696623, 317.730816
2024-02-05 01:08:29.952367, 696733, 317.784064
2024-02-05 01:10:30.251553, 696831, 317.82912
2024-02-05 01:12:30.238122, 696927, 317.874176
2024-02-05 01:14:30.274823, 697017, 317.915136
2024-02-05 01:16:30.288063, 697097, 317.952
2024-02-05 01:18:30.303261, 697185, 317.99296
2024-02-05 01:20:30.714359, 697273, 318.03392
2024-02-05 01:22:30.723870, 697361, 318.07488
2024-02-05 01:24:30.765751, 697443, 318.111744
2024-02-05 01:26:30.767287, 697519, 318.144512
2024-02-05 01:28:30.774011, 697583, 318.17728
2024-02-05 01:30:30.903649, 697647, 318.205952
2024-02-05 01:32:30.930042, 697711, 318.234624
2024-02-05 01:34:30.925203, 697775, 318.263296
2024-02-05 01:36:30.954356, 697837, 318.296064
2024-02-05 01:38:30.964733, 697893, 318.32064
2024-02-05 01:40:31.336506, 697949, 318.349312
2024-02-05 01:42:31.369030, 698007, 318.377984
2024-02-05 01:44:31.376626, 698071, 318.406656
2024-02-05 01:46:31.387845, 698135, 318.439424
2024-02-05 01:48:31.378856, 698199, 318.468096
2024-02-05 01:50:31.701597, 698263, 318.496768
2024-02-05 01:52:31.727497, 698323, 318.529536
2024-02-05 01:54:31.739818, 698371, 318.550016
2024-02-05 01:56:31.755855, 698419, 318.574592
2024-02-05 01:58:31.765590, 698467, 318.599168
2024-02-05 02:00:32.086717, 698517, 318.623744
2024-02-05 02:02:32.091665, 698573, 318.652416
2024-02-05 02:04:32.101989, 698629, 318.676992
2024-02-05 02:06:32.115916, 698685, 318.701568
2024-02-05 02:08:32.126586, 698741, 318.73024
2024-02-05 02:10:32.580298, 698797, 318.758912
2024-02-05 02:12:32.594214, 698853, 318.783488
2024-02-05 02:14:32.644207, 698909, 318.81216
2024-02-05 02:16:32.655065, 698965, 318.840832
2024-02-05 02:18:32.647636, 699021, 318.869504
2024-02-05 02:20:33.074847, 699077, 318.89408
2024-02-05 02:22:33.119195, 699133, 318.922752
2024-02-05 02:24:33.122088, 699189, 318.947328
2024-02-05 02:26:33.151664, 699245, 318.971904
2024-02-05 02:28:33.149913, 699301, 318.99648
2024-02-05 02:30:33.285014, 699357, 319.025152
2024-02-05 02:32:33.325387, 699413, 319.049728
2024-02-05 02:34:33.329401, 699469, 319.074304
2024-02-05 02:36:33.341051, 699523, 319.09888
2024-02-05 02:38:33.545238, 699571, 319.123456
2024-02-05 02:40:33.781499, 699619, 319.143936
2024-02-05 02:42:33.792385, 699667, 319.168512
2024-02-05 02:44:33.826308, 699722, 319.193088
2024-02-05 02:46:33.844811, 699778, 319.22176
2024-02-05 02:48:34.013888, 699834, 319.246336
2024-02-05 02:50:34.126841, 699890, 319.275008
2024-02-05 02:52:34.160571, 699944, 319.299584
2024-02-05 02:54:34.198933, 699992, 319.32416
2024-02-05 02:56:34.313273, 700040, 319.34464
2024-02-05 02:58:34.342051, 700088, 319.369216
2024-02-05 03:00:34.593770, 700136, 319.393792
2024-02-05 03:02:34.639178, 700184, 319.418368
2024-02-05 03:04:34.637226, 700240, 319.442944
2024-02-05 03:06:34.648714, 700296, 319.471616
2024-02-05 03:08:34.706236, 700352, 319.496192
2024-02-05 03:10:35.117930, 700408, 319.524864
2024-02-05 03:12:35.120967, 700464, 319.553536
2024-02-05 03:14:35.131216, 700520, 319.582208
2024-02-05 03:16:35.171061, 700576, 319.606784
2024-02-05 03:18:35.181917, 700628, 319.63136
2024-02-05 03:20:35.492651, 700684, 319.660032
2024-02-05 03:22:35.534071, 700740, 319.684608
2024-02-05 03:24:35.533558, 700796, 319.71328
2024-02-05 03:26:35.540716, 700852, 319.737856
2024-02-05 03:28:35.535687, 700908, 319.762432
2024-02-05 03:30:35.875645, 700964, 319.787008
2024-02-05 03:32:35.903558, 701020, 319.81568
2024-02-05 03:34:35.913479, 701076, 319.840256
2024-02-05 03:36:35.919056, 701130, 319.864832
2024-02-05 03:38:35.934131, 701178, 319.885312
2024-02-05 03:40:36.255730, 701226, 319.909888
2024-02-05 03:42:36.292363, 701274, 319.930368
2024-02-05 03:44:36.361236, 701330, 319.954944
2024-02-05 03:46:36.308275, 701387, 319.983616
2024-02-05 03:48:36.331824, 701451, 320.012288
2024-02-05 03:50:36.666351, 701513, 320.04096
2024-02-05 03:52:36.704153, 701567, 320.065536
2024-02-05 03:54:36.708950, 701615, 320.090112
2024-02-05 03:56:36.713396, 701663, 320.110592
2024-02-05 03:58:36.711724, 701711, 320.135168
2024-02-05 04:00:37.154195, 701761, 320.159744
2024-02-05 04:02:37.149937, 701817, 320.18432
2024-02-05 04:04:37.190036, 701873, 320.208896
2024-02-05 04:06:37.187142, 701929, 320.241664
2024-02-05 04:08:37.197598, 701985, 320.270336
2024-02-05 04:10:37.450629, 702041, 320.299008
2024-02-05 04:12:38.979770, 702097, 320.323584
2024-02-05 04:14:37.460703, 702153, 320.352256
2024-02-05 04:16:37.485336, 702209, 320.376832
2024-02-05 04:18:37.486754, 702265, 320.405504
2024-02-05 04:20:37.828393, 702321, 320.43008
2024-02-05 04:22:37.858996, 702377, 320.454656
2024-02-05 04:24:37.962958, 702433, 320.479232
2024-02-05 04:26:37.990899, 702489, 320.507904
2024-02-05 04:28:38.001215, 702545, 320.53248
2024-02-05 04:30:38.322151, 702601, 320.557056
2024-02-05 04:32:38.329480, 702657, 320.581632
2024-02-05 04:34:38.341185, 702713, 320.610304
2024-02-05 04:36:38.361031, 702767, 320.63488
2024-02-05 04:38:38.356796, 702815, 320.65536
2024-02-05 04:40:38.722214, 702872, 320.679936
2024-02-05 04:42:38.764295, 702936, 320.708608
2024-02-05 04:44:38.762242, 703000, 320.73728
2024-02-05 04:46:38.765141, 703064, 320.770048
2024-02-05 04:48:38.778541, 703130, 320.79872
2024-02-05 04:50:39.101232, 703200, 320.831488
2024-02-05 04:52:39.144130, 703264, 320.86016
2024-02-05 04:54:39.138905, 703322, 320.884736
2024-02-05 04:56:39.135551, 703372, 320.909312
2024-02-05 04:58:39.161004, 703420, 320.929792
2024-02-05 05:00:39.529992, 703477, 320.958464
2024-02-05 05:02:39.563901, 703553, 320.991232
2024-02-05 05:04:39.571241, 703638, 321.032192
2024-02-05 05:06:39.581232, 703726, 321.069056
2024-02-05 05:08:39.597404, 703814, 321.110016
2024-02-05 05:10:40.037455, 703898, 321.14688
2024-02-05 05:12:40.058605, 703986, 321.18784
2024-02-05 05:14:40.067447, 704074, 321.2288
2024-02-05 05:16:40.088831, 704176, 321.273856
2024-02-05 05:18:40.076588, 704287, 321.327104
2024-02-05 05:20:40.373155, 704416, 321.384448
2024-02-05 05:22:40.404818, 704558, 321.449984
2024-02-05 05:24:40.396760, 704694, 321.511424
2024-02-05 05:26:40.423643, 704844, 321.581056
2024-02-05 05:28:40.406706, 705010, 321.654784
2024-02-05 05:30:40.807622, 705200, 321.7408
2024-02-05 05:32:40.823000, 705409, 321.835008
2024-02-05 05:34:40.834870, 705632, 321.941504
2024-02-05 05:36:40.845324, 705863, 322.048
2024-02-05 05:38:40.835877, 706103, 322.154496
2024-02-05 05:40:41.192151, 706353, 322.269184
2024-02-05 05:42:41.237750, 706613, 322.387968
2024-02-05 05:44:41.232744, 706885, 322.510848
2024-02-05 05:46:41.240098, 707176, 322.646016
2024-02-05 05:48:41.232863, 707481, 322.78528
2024-02-05 05:50:41.581317, 707818, 322.936832
2024-02-05 05:52:41.609085, 708202, 323.11296
2024-02-05 05:54:41.599521, 708614, 323.29728
2024-02-05 05:56:41.608269, 709063, 323.506176
2024-02-05 05:58:41.599857, 709554, 323.731456
2024-02-05 06:00:42.003610, 710139, 323.997696
2024-02-05 06:02:42.038649, 710819, 324.304896
2024-02-05 06:04:42.048406, 711520, 324.624384
2024-02-05 06:06:42.053520, 712252, 324.960256
2024-02-05 06:08:42.035289, 713012, 325.308416
2024-02-05 06:10:42.370669, 713833, 325.681152
2024-02-05 06:12:42.401975, 714712, 326.08256
2024-02-05 06:14:42.410762, 715651, 326.508544
2024-02-05 06:16:42.404718, 716677, 326.979584
2024-02-05 06:18:42.412137, 717748, 327.467008
2024-02-05 06:20:42.760341, 718843, 327.96672
2024-02-05 06:22:42.793321, 719969, 328.482816
2024-02-05 06:24:42.801722, 721129, 329.0112
2024-02-05 06:26:42.779713, 722325, 329.555968
2024-02-05 06:28:42.782406, 723584, 330.133504
2024-02-05 06:30:43.214840, 724895, 330.727424
2024-02-05 06:32:43.244968, 726272, 331.354112
2024-02-05 06:34:43.253858, 727681, 332.00128
2024-02-05 06:36:43.266737, 729113, 332.652544
2024-02-05 06:38:43.263251, 730587, 333.328384
2024-02-05 06:40:43.681213, 732105, 334.020608
2024-02-05 06:42:43.713881, 733689, 334.741504
2024-02-05 06:44:43.714286, 735304, 335.478784
2024-02-05 06:46:43.736941, 736774, 336.146432
2024-02-05 06:48:44.206754, 738500, 336.93696
2024-02-05 06:50:44.206721, 740268, 337.743872
2024-02-05 06:52:44.274987, 742061, 338.563072
2024-02-05 06:54:44.234126, 743893, 339.39456
2024-02-05 06:56:44.274738, 745751, 340.246528
2024-02-05 06:58:44.259394, 747629, 341.098496
2024-02-05 07:00:44.604289, 749570, 341.987328
2024-02-05 07:02:44.632242, 751556, 342.892544
2024-02-05 07:04:44.648561, 753576, 343.814144
2024-02-05 07:06:44.624155, 755684, 344.776704
2024-02-05 07:08:44.669582, 757811, 345.747456
2024-02-05 07:10:45.173081, 759992, 346.742784
2024-02-05 07:12:45.200144, 762252, 347.77088
2024-02-05 07:14:45.226716, 764521, 348.807168
2024-02-05 07:16:45.194811, 766821, 349.85984
2024-02-05 07:18:45.206545, 769137, 350.912512
2024-02-05 07:20:45.709572, 771480, 351.985664
2024-02-05 07:22:45.899155, 773904, 353.091584
2024-02-05 07:24:45.741740, 776363, 354.209792
2024-02-05 07:26:45.753526, 778858, 355.34848
2024-02-05 07:28:45.746101, 781390, 356.507648
2024-02-05 07:30:46.132716, 783971, 357.679104
2024-02-05 07:32:46.171599, 786624, 358.89152
2024-02-05 07:34:46.167788, 789330, 360.128512
2024-02-05 07:36:46.174516, 792101, 361.394176
2024-02-05 07:38:46.188817, 794877, 362.655744
2024-02-05 07:40:46.614258, 797670, 363.933696
2024-02-05 07:42:46.652952, 800487, 365.21984
2024-02-05 07:44:46.665167, 803342, 366.522368
2024-02-05 07:46:46.673816, 806235, 367.84128
2024-02-05 07:48:46.661382, 809125, 369.156096
2024-02-05 07:50:47.322060, 812050, 370.491392
2024-02-05 07:52:47.341551, 815039, 371.859456
2024-02-05 07:54:47.355147, 818011, 373.215232
2024-02-05 07:56:47.399156, 821021, 374.587392
2024-02-05 07:58:47.414984, 824011, 375.95136
2024-02-05 08:00:47.748408, 826985, 377.307136
2024-02-05 08:02:47.797066, 829938, 378.65472
2024-02-05 08:04:47.800767, 832878, 379.998208
2024-02-05 08:06:47.824635, 835847, 381.353984
2024-02-05 08:08:47.822866, 838808, 382.705664
2024-02-05 08:10:48.122027, 841723, 384.032768
2024-02-05 08:12:48.137895, 844603, 385.343488
2024-02-05 08:14:48.167629, 847425, 386.633728
2024-02-05 08:16:48.165099, 850240, 387.919872
2024-02-05 08:18:48.261955, 853007, 389.18144
2024-02-05 08:20:48.559797, 855654, 390.385664
2024-02-05 08:22:48.593592, 858194, 391.548928
2024-02-05 08:24:48.577102, 860688, 392.687616
2024-02-05 08:26:48.663598, 863110, 393.793536
2024-02-05 08:28:48.691625, 864593, 394.469376
2024-02-05 08:30:48.701941, 866929, 395.534336
2024-02-05 08:32:48.710966, 869196, 396.566528
2024-02-05 08:34:48.728122, 871384, 397.565952
2024-02-05 08:36:48.724834, 873526, 398.5408
2024-02-05 08:38:48.736490, 875570, 399.474688
2024-02-05 08:40:48.788834, 877574, 400.392192
2024-02-05 08:43:12.489296, 879566, 401.297408
2024-02-05 08:45:12.491882, 881512, 402.18624
2024-02-05 08:47:12.503712, 883404, 403.050496
2024-02-05 08:49:12.516109, 885252, 403.894272
2024-02-05 08:51:12.527403, 887049, 404.713472
2024-02-05 08:53:12.540338, 888820, 405.520384
2024-02-05 08:55:12.551730, 890576, 406.3232
2024-02-05 08:57:42.924383, 892086, 407.011328
2024-02-05 08:59:42.940052, 893794, 407.789568
2024-02-05 09:01:42.953081, 895499, 408.571904
2024-02-05 09:03:42.965792, 897195, 409.341952
2024-02-05 09:05:42.972829, 898842, 410.09152
2024-02-05 09:07:43.018827, 900455, 410.8288
2024-02-05 09:09:42.997261, 902063, 411.561984
2024-02-05 09:11:43.008365, 903654, 412.291072
2024-02-05 09:13:43.018952, 905207, 412.995584
2024-02-05 09:15:43.046176, 906744, 413.700096
2024-02-05 09:17:43.059759, 908278, 414.396416
2024-02-05 09:19:43.075070, 909785, 415.08864
2024-02-05 09:21:43.086389, 911275, 415.76448
2024-02-05 09:23:43.097503, 912728, 416.428032
2024-02-05 09:25:43.108858, 914182, 417.091584
2024-02-05 09:27:43.120676, 915607, 417.742848
2024-02-05 09:29:43.131475, 917020, 418.390016
2024-02-05 09:31:43.143984, 918424, 419.028992
2024-02-05 09:33:43.151563, 919833, 419.667968
2024-02-05 09:35:43.160565, 921258, 420.323328
2024-02-05 09:37:43.170449, 922672, 420.9664
2024-02-05 09:39:43.181974, 924065, 421.605376
2024-02-05 09:41:43.192580, 925425, 422.223872
2024-02-05 09:43:43.199625, 926795, 422.846464
2024-02-05 09:45:43.215410, 928170, 423.477248
2024-02-05 09:47:43.226903, 929554, 424.108032
2024-02-05 09:49:43.238194, 930902, 424.722432
2024-02-05 09:51:43.248694, 932238, 425.332736
2024-02-05 09:53:43.257365, 933571, 425.94304
2024-02-05 09:55:43.273439, 934923, 426.561536
2024-02-05 09:57:43.284513, 936274, 427.175936
2024-02-05 09:59:43.307270, 937634, 427.794432
2024-02-05 10:01:43.307279, 938987, 428.412928
2024-02-05 10:03:43.316920, 940333, 429.027328
2024-02-05 10:05:43.327792, 941657, 429.62944
2024-02-05 10:07:43.349678, 942992, 430.239744
2024-02-05 10:09:43.349965, 944324, 430.845952
2024-02-05 10:11:43.376066, 945657, 431.456256
2024-02-05 10:13:43.386937, 946985, 432.062464
2024-02-05 10:15:43.430732, 948317, 432.668672
2024-02-05 10:17:43.428551, 949667, 433.287168
2024-02-05 10:19:43.437864, 951003, 433.893376
2024-02-05 10:21:43.449977, 952343, 434.50368
2024-02-05 10:23:43.436836, 953669, 435.113984
2024-02-05 10:25:43.503879, 954996, 435.716096
2024-02-05 10:27:43.568404, 956312, 436.318208
2024-02-05 10:29:43.647501, 957640, 436.924416
2024-02-05 10:31:48.126638, 958958, 437.522432
2024-02-05 10:33:47.960352, 960256, 438.120448
2024-02-05 10:35:43.977922, 961558, 438.710272
2024-02-05 10:37:44.055552, 962865, 439.304192
2024-02-05 10:39:44.074352, 964179, 439.906304
2024-02-05 10:41:44.220289, 965511, 440.512512
2024-02-05 10:43:44.215096, 966842, 441.11872
2024-02-05 10:45:44.294902, 968166, 441.724928
2024-02-05 10:47:44.538263, 969492, 442.331136
2024-02-05 10:49:44.556883, 970820, 442.937344
2024-02-05 10:51:44.612401, 972153, 443.543552
2024-02-05 10:53:44.710990, 973489, 444.153856
2024-02-05 10:55:44.770181, 974827, 444.768256
2024-02-05 10:57:44.875364, 976164, 445.374464
2024-02-05 10:59:44.996735, 977502, 445.984768
2024-02-05 11:01:45.042560, 978834, 446.595072
2024-02-05 11:03:45.236937, 980179, 447.205376
2024-02-05 11:05:45.459503, 981527, 447.823872
2024-02-05 11:07:45.482241, 982865, 448.434176
2024-02-05 11:09:45.493501, 984192, 449.036288
2024-02-05 11:11:45.472564, 985508, 449.6384
2024-02-05 11:13:45.579971, 986823, 450.236416
2024-02-05 11:15:45.684847, 988129, 450.834432
2024-02-05 11:17:45.740889, 989438, 451.432448
2024-02-05 11:19:45.925027, 990742, 452.026368
2024-02-05 11:21:45.924459, 992042, 452.620288
2024-02-05 11:23:46.077792, 993333, 453.210112
2024-02-05 11:25:46.108104, 994627, 453.799936
2024-02-05 11:27:46.211563, 995923, 454.393856
2024-02-05 11:29:46.307733, 997220, 454.98368
2024-02-05 11:31:46.362825, 998524, 455.5776
2024-02-05 11:33:46.688672, 999831, 456.175616
2024-02-05 11:35:46.571529, 1001131, 456.76544
2024-02-05 11:37:46.664888, 1002430, 457.35936
2024-02-05 11:39:46.856080, 1003738, 457.957376
2024-02-05 11:41:47.311658, 1004893, 458.48576
2024-02-05 11:43:47.307209, 1006206, 459.083776
2024-02-05 11:45:47.352963, 1007523, 459.685888
2024-02-05 11:47:47.377833, 1008838, 460.283904
2024-02-05 11:49:47.371923, 1010153, 460.886016
2024-02-05 11:51:47.367437, 1011450, 461.47584
2024-02-05 11:53:47.362596, 1012726, 462.057472
2024-02-05 11:55:47.412302, 1014002, 462.6432
2024-02-05 11:57:47.537695, 1015282, 463.224832
2024-02-05 11:59:47.573990, 1016549, 463.802368
2024-02-05 12:01:47.672396, 1017837, 464.392192
2024-02-05 12:03:47.775466, 1019121, 464.97792
2024-02-05 12:05:47.876492, 1020403, 465.559552
2024-02-05 12:07:47.950586, 1021710, 466.157568
2024-02-05 12:09:47.999956, 1023013, 466.751488
2024-02-05 12:11:48.133154, 1024328, 467.3536
2024-02-05 12:13:48.290114, 1025653, 467.955712
2024-02-05 12:15:48.355298, 1026994, 468.566016
2024-02-05 12:17:48.473194, 1028368, 469.1968
2024-02-05 12:19:48.472512, 1029753, 469.827584
2024-02-05 12:21:48.624948, 1031142, 470.458368
2024-02-05 12:23:48.657703, 1032535, 471.097344
2024-02-05 12:25:48.772013, 1033940, 471.73632
2024-02-05 12:27:48.827724, 1035360, 472.387584
2024-02-05 12:29:48.916706, 1036789, 473.038848
2024-02-05 12:31:48.997900, 1038236, 473.694208
2024-02-05 12:33:49.110059, 1039509, 474.279936
2024-02-05 12:35:49.109007, 1040953, 474.935296
2024-02-05 12:37:49.219410, 1042424, 475.611136
2024-02-05 12:39:49.348621, 1043892, 476.278784
2024-02-05 12:41:49.410135, 1045352, 476.942336
2024-02-05 12:43:49.635306, 1046824, 477.61408
2024-02-05 12:45:49.656720, 1048294, 478.281728
2024-02-05 12:47:49.653110, 1049755, 478.953472
2024-02-05 12:49:49.698195, 1051206, 479.612928
2024-02-05 12:51:49.908693, 1052669, 480.27648
2024-02-05 12:53:49.901292, 1054127, 480.944128
2024-02-05 12:55:49.982686, 1055594, 481.611776
2024-02-05 12:57:50.076646, 1057082, 482.295808
2024-02-05 12:59:50.183872, 1058582, 482.975744
2024-02-05 13:01:50.271153, 1060117, 483.680256
2024-02-05 13:03:50.303680, 1061648, 484.376576
2024-02-05 13:05:50.426995, 1063165, 485.0688
2024-02-05 13:07:50.543089, 1064691, 485.76512
2024-02-05 13:09:50.634937, 1066202, 486.453248
2024-02-05 13:11:50.645048, 1067712, 487.145472
2024-02-05 13:13:50.735479, 1069193, 487.817216
2024-02-05 13:15:51.097435, 1070682, 488.497152
2024-02-05 13:17:51.106916, 1072181, 489.181184
2024-02-05 13:19:51.130592, 1073656, 489.852928
2024-02-05 13:21:51.170815, 1075152, 490.53696
2024-02-05 13:23:55.189543, 1076630, 491.208704
2024-02-05 13:25:56.219082, 1078125, 491.892736
2024-02-05 13:27:55.985455, 1079642, 492.580864
2024-02-05 13:29:56.332855, 1081159, 493.273088
2024-02-05 13:31:51.795000, 1082722, 493.985792
2024-02-05 13:33:56.935375, 1084282, 494.698496
2024-02-05 13:35:57.021726, 1085852, 495.415296
2024-02-05 13:37:57.333252, 1087426, 496.132096
2024-02-05 13:39:57.183283, 1088998, 496.852992
2024-02-05 13:41:57.842908, 1090596, 497.577984
2024-02-05 13:44:13.746650, 1092205, 498.311168
